order_item_id,order_id,product_id,quantity,unit_price
ITEM-10001,ORD-00001,PRD-101,10,2500.00
ITEM-10002,ORD-00001,PRD-110,10,2000.00
ITEM-10003,ORD-00001,PRD-119,8,2500.00
ITEM-10004,ORD-00002,PRD-115,10,220.00
ITEM-10005,ORD-00002,PRD-111,7,150.00
ITEM-10006,ORD-00002,PRD-107,4,400.00
ITEM-10007,ORD-00002,PRD-108,7,1500.00
ITEM-10008,ORD-00003,PRD-105,9,650.00
ITEM-10009,ORD-00003,PRD-116,10,1000.00
ITEM-10010,ORD-00003,PRD-102,6,1200.00
ITEM-10011,ORD-00003,PRD-120,2,3000.00
ITEM-10012,ORD-00004,PRD-114,2,120.00
ITEM-10013,ORD-00004,PRD-105,8,650.00
ITEM-10014,ORD-00005,PRD-111,9,150.00
ITEM-10015,ORD-00006,PRD-120,2,3000.00
ITEM-10016,ORD-00007,PRD-114,2,120.00
ITEM-10017,ORD-00008,PRD-111,1,150.00
ITEM-10018,ORD-00009,PRD-119,2,2500.00
ITEM-10019,ORD-00009,PRD-106,10,800.00
ITEM-10020,ORD-00009,PRD-120,7,3000.00
ITEM-10021,ORD-00009,PRD-118,10,1200.00
ITEM-10022,ORD-00010,PRD-115,8,220.00
ITEM-10023,ORD-00010,PRD-109,5,600.00
ITEM-10024,ORD-00010,PRD-101,9,2500.00
ITEM-10025,ORD-00011,PRD-114,5,120.00
ITEM-10026,ORD-00011,PRD-109,4,600.00
ITEM-10027,ORD-00011,PRD-115,7,220.00
ITEM-10028,ORD-00012,PRD-110,5,2000.00
ITEM-10029,ORD-00012,PRD-101,1,2500.00
ITEM-10030,ORD-00012,PRD-113,10,500.00
ITEM-10031,ORD-00013,PRD-120,4,3000.00
ITEM-10032,ORD-00013,PRD-112,4,80.00
ITEM-10033,ORD-00014,PRD-104,5,300.00
ITEM-10034,ORD-00014,PRD-102,8,1200.00
ITEM-10035,ORD-00015,PRD-111,4,150.00
ITEM-10036,ORD-00015,PRD-114,3,120.00
ITEM-10037,ORD-00015,PRD-106,9,800.00
ITEM-10038,ORD-00016,PRD-116,2,1000.00
ITEM-10039,ORD-00016,PRD-110,8,2000.00
ITEM-10040,ORD-00016,PRD-111,2,150.00
ITEM-10041,ORD-00017,PRD-103,5,450.00
ITEM-10042,ORD-00017,PRD-113,9,500.00
ITEM-10043,ORD-00017,PRD-101,2,2500.00
ITEM-10044,ORD-00018,PRD-112,1,80.00
ITEM-10045,ORD-00018,PRD-104,10,300.00
ITEM-10046,ORD-00018,PRD-108,9,1500.00
ITEM-10047,ORD-00018,PRD-116,6,1000.00
ITEM-10048,ORD-00019,PRD-114,1,120.00
ITEM-10049,ORD-00019,PRD-104,1,300.00
ITEM-10050,ORD-00019,PRD-105,5,650.00
ITEM-10051,ORD-00020,PRD-113,6,500.00
ITEM-10052,ORD-00020,PRD-115,9,220.00
ITEM-10053,ORD-00021,PRD-116,10,1000.00
ITEM-10054,ORD-00022,PRD-115,6,220.00
ITEM-10055,ORD-00022,PRD-108,9,1500.00
ITEM-10056,ORD-00022,PRD-112,6,80.00
ITEM-10057,ORD-00022,PRD-104,1,300.00
ITEM-10058,ORD-00023,PRD-107,10,400.00
ITEM-10059,ORD-00024,PRD-103,4,450.00
ITEM-10060,ORD-00024,PRD-118,10,1200.00
ITEM-10061,ORD-00025,PRD-109,3,600.00
ITEM-10062,ORD-00026,PRD-105,1,650.00
ITEM-10063,ORD-00027,PRD-102,9,1200.00
ITEM-10064,ORD-00027,PRD-105,2,650.00
ITEM-10065,ORD-00027,PRD-114,2,120.00
ITEM-10066,ORD-00028,PRD-117,5,350.00
ITEM-10067,ORD-00028,PRD-108,8,1500.00
ITEM-10068,ORD-00028,PRD-102,1,1200.00
ITEM-10069,ORD-00028,PRD-120,1,3000.00
ITEM-10070,ORD-00029,PRD-103,2,450.00
ITEM-10071,ORD-00029,PRD-120,3,3000.00
ITEM-10072,ORD-00029,PRD-111,5,150.00
ITEM-10073,ORD-00029,PRD-105,10,650.00
ITEM-10074,ORD-00030,PRD-115,2,220.00
ITEM-10075,ORD-00030,PRD-117,2,350.00
ITEM-10076,ORD-00030,PRD-114,9,120.00
ITEM-10077,ORD-00031,PRD-115,2,220.00
ITEM-10078,ORD-00031,PRD-113,6,500.00
ITEM-10079,ORD-00031,PRD-114,7,120.00
ITEM-10080,ORD-00032,PRD-103,7,450.00
ITEM-10081,ORD-00032,PRD-120,2,3000.00
ITEM-10082,ORD-00032,PRD-119,6,2500.00
ITEM-10083,ORD-00032,PRD-118,3,1200.00
ITEM-10084,ORD-00033,PRD-104,7,300.00
ITEM-10085,ORD-00033,PRD-114,1,120.00
ITEM-10086,ORD-00033,PRD-112,5,80.00
ITEM-10087,ORD-00034,PRD-116,2,1000.00
ITEM-10088,ORD-00034,PRD-108,6,1500.00
ITEM-10089,ORD-00035,PRD-114,10,120.00
ITEM-10090,ORD-00035,PRD-118,10,1200.00
ITEM-10091,ORD-00036,PRD-101,5,2500.00
ITEM-10092,ORD-00036,PRD-106,6,800.00
ITEM-10093,ORD-00036,PRD-109,6,600.00
ITEM-10094,ORD-00037,PRD-105,1,650.00
ITEM-10095,ORD-00038,PRD-106,6,800.00
ITEM-10096,ORD-00038,PRD-112,10,80.00
ITEM-10097,ORD-00038,PRD-110,10,2000.00
ITEM-10098,ORD-00039,PRD-103,5,450.00
ITEM-10099,ORD-00040,PRD-109,6,600.00
ITEM-10100,ORD-00040,PRD-107,7,400.00
ITEM-10101,ORD-00040,PRD-117,2,350.00
ITEM-10102,ORD-00040,PRD-104,5,300.00
ITEM-10103,ORD-00041,PRD-120,5,3000.00
ITEM-10104,ORD-00041,PRD-102,4,1200.00
ITEM-10105,ORD-00041,PRD-101,3,2500.00
ITEM-10106,ORD-00041,PRD-107,5,400.00
ITEM-10107,ORD-00042,PRD-106,9,800.00
ITEM-10108,ORD-00042,PRD-105,9,650.00
ITEM-10109,ORD-00042,PRD-113,6,500.00
ITEM-10110,ORD-00042,PRD-108,2,1500.00
ITEM-10111,ORD-00043,PRD-119,7,2500.00
ITEM-10112,ORD-00043,PRD-114,5,120.00
ITEM-10113,ORD-00043,PRD-113,2,500.00
ITEM-10114,ORD-00044,PRD-112,4,80.00
ITEM-10115,ORD-00044,PRD-103,7,450.00
ITEM-10116,ORD-00044,PRD-114,10,120.00
ITEM-10117,ORD-00044,PRD-104,7,300.00
ITEM-10118,ORD-00045,PRD-108,2,1500.00
ITEM-10119,ORD-00045,PRD-111,9,150.00
ITEM-10120,ORD-00045,PRD-106,2,800.00
ITEM-10121,ORD-00046,PRD-105,3,650.00
ITEM-10122,ORD-00046,PRD-108,5,1500.00
ITEM-10123,ORD-00046,PRD-104,4,300.00
ITEM-10124,ORD-00047,PRD-106,8,800.00
ITEM-10125,ORD-00048,PRD-111,2,150.00
ITEM-10126,ORD-00048,PRD-105,8,650.00
ITEM-10127,ORD-00048,PRD-115,8,220.00
ITEM-10128,ORD-00049,PRD-110,8,2000.00
ITEM-10129,ORD-00050,PRD-103,10,450.00
ITEM-10130,ORD-00051,PRD-115,10,220.00
ITEM-10131,ORD-00052,PRD-115,2,220.00
ITEM-10132,ORD-00053,PRD-115,9,220.00
ITEM-10133,ORD-00053,PRD-120,9,3000.00
ITEM-10134,ORD-00054,PRD-111,6,150.00
ITEM-10135,ORD-00054,PRD-102,2,1200.00
ITEM-10136,ORD-00054,PRD-120,9,3000.00
ITEM-10137,ORD-00054,PRD-103,7,450.00
ITEM-10138,ORD-00055,PRD-111,10,150.00
ITEM-10139,ORD-00055,PRD-103,3,450.00
ITEM-10140,ORD-00056,PRD-120,5,3000.00
ITEM-10141,ORD-00056,PRD-103,9,450.00
ITEM-10142,ORD-00057,PRD-114,9,120.00
ITEM-10143,ORD-00058,PRD-116,3,1000.00
ITEM-10144,ORD-00058,PRD-107,3,400.00
ITEM-10145,ORD-00058,PRD-108,2,1500.00
ITEM-10146,ORD-00059,PRD-111,10,150.00
ITEM-10147,ORD-00060,PRD-115,7,220.00
ITEM-10148,ORD-00060,PRD-102,6,1200.00
ITEM-10149,ORD-00061,PRD-108,8,1500.00
ITEM-10150,ORD-00061,PRD-118,4,1200.00
ITEM-10151,ORD-00061,PRD-120,6,3000.00
ITEM-10152,ORD-00061,PRD-110,10,2000.00
ITEM-10153,ORD-00062,PRD-106,1,800.00
ITEM-10154,ORD-00062,PRD-107,8,400.00
ITEM-10155,ORD-00062,PRD-105,6,650.00
ITEM-10156,ORD-00062,PRD-109,9,600.00
ITEM-10157,ORD-00063,PRD-115,7,220.00
ITEM-10158,ORD-00063,PRD-117,2,350.00
ITEM-10159,ORD-00063,PRD-105,4,650.00
ITEM-10160,ORD-00064,PRD-108,6,1500.00
ITEM-10161,ORD-00064,PRD-113,4,500.00
ITEM-10162,ORD-00064,PRD-103,1,450.00
ITEM-10163,ORD-00065,PRD-102,8,1200.00
ITEM-10164,ORD-00065,PRD-110,3,2000.00
ITEM-10165,ORD-00066,PRD-109,4,600.00
ITEM-10166,ORD-00067,PRD-110,4,2000.00
ITEM-10167,ORD-00068,PRD-103,9,450.00
ITEM-10168,ORD-00068,PRD-104,10,300.00
ITEM-10169,ORD-00068,PRD-116,4,1000.00
ITEM-10170,ORD-00068,PRD-101,3,2500.00
ITEM-10171,ORD-00069,PRD-106,2,800.00
ITEM-10172,ORD-00069,PRD-103,9,450.00
ITEM-10173,ORD-00069,PRD-117,9,350.00
ITEM-10174,ORD-00069,PRD-112,9,80.00
ITEM-10175,ORD-00070,PRD-113,6,500.00
ITEM-10176,ORD-00071,PRD-104,6,300.00
ITEM-10177,ORD-00071,PRD-119,3,2500.00
ITEM-10178,ORD-00072,PRD-115,3,220.00
ITEM-10179,ORD-00072,PRD-116,3,1000.00
ITEM-10180,ORD-00073,PRD-102,5,1200.00
ITEM-10181,ORD-00073,PRD-111,9,150.00
ITEM-10182,ORD-00074,PRD-110,1,2000.00
ITEM-10183,ORD-00074,PRD-112,6,80.00
ITEM-10184,ORD-00075,PRD-113,8,500.00
ITEM-10185,ORD-00075,PRD-111,6,150.00
ITEM-10186,ORD-00075,PRD-106,9,800.00
ITEM-10187,ORD-00075,PRD-116,5,1000.00
ITEM-10188,ORD-00076,PRD-111,6,150.00
ITEM-10189,ORD-00076,PRD-104,5,300.00
ITEM-10190,ORD-00076,PRD-103,5,450.00
ITEM-10191,ORD-00077,PRD-112,10,80.00
ITEM-10192,ORD-00077,PRD-115,7,220.00
ITEM-10193,ORD-00077,PRD-102,5,1200.00
ITEM-10194,ORD-00077,PRD-120,1,3000.00
ITEM-10195,ORD-00078,PRD-101,10,2500.00
ITEM-10196,ORD-00078,PRD-105,8,650.00
ITEM-10197,ORD-00079,PRD-112,10,80.00
ITEM-10198,ORD-00079,PRD-113,3,500.00
ITEM-10199,ORD-00079,PRD-102,8,1200.00
ITEM-10200,ORD-00080,PRD-117,7,350.00
ITEM-10201,ORD-00080,PRD-112,6,80.00
ITEM-10202,ORD-00081,PRD-117,5,350.00
ITEM-10203,ORD-00081,PRD-113,5,500.00
ITEM-10204,ORD-00081,PRD-118,8,1200.00
ITEM-10205,ORD-00081,PRD-104,4,300.00
ITEM-10206,ORD-00082,PRD-115,3,220.00
ITEM-10207,ORD-00083,PRD-103,5,450.00
ITEM-10208,ORD-00083,PRD-118,5,1200.00
ITEM-10209,ORD-00083,PRD-119,3,2500.00
ITEM-10210,ORD-00084,PRD-108,1,1500.00
ITEM-10211,ORD-00084,PRD-116,6,1000.00
ITEM-10212,ORD-00085,PRD-120,2,3000.00
ITEM-10213,ORD-00085,PRD-103,5,450.00
ITEM-10214,ORD-00086,PRD-105,6,650.00
ITEM-10215,ORD-00087,PRD-118,3,1200.00
ITEM-10216,ORD-00087,PRD-119,3,2500.00
ITEM-10217,ORD-00088,PRD-110,3,2000.00
ITEM-10218,ORD-00088,PRD-106,6,800.00
ITEM-10219,ORD-00089,PRD-107,3,400.00
ITEM-10220,ORD-00089,PRD-118,5,1200.00
ITEM-10221,ORD-00089,PRD-109,10,600.00
ITEM-10222,ORD-00090,PRD-106,10,800.00
ITEM-10223,ORD-00090,PRD-111,1,150.00
ITEM-10224,ORD-00091,PRD-107,10,400.00
ITEM-10225,ORD-00091,PRD-119,1,2500.00
ITEM-10226,ORD-00091,PRD-114,8,120.00
ITEM-10227,ORD-00092,PRD-113,8,500.00
ITEM-10228,ORD-00092,PRD-110,2,2000.00
ITEM-10229,ORD-00093,PRD-111,6,150.00
ITEM-10230,ORD-00093,PRD-105,6,650.00
ITEM-10231,ORD-00094,PRD-111,4,150.00
ITEM-10232,ORD-00095,PRD-102,5,1200.00
ITEM-10233,ORD-00096,PRD-119,3,2500.00
ITEM-10234,ORD-00096,PRD-111,8,150.00
ITEM-10235,ORD-00096,PRD-107,9,400.00
ITEM-10236,ORD-00097,PRD-117,10,350.00
ITEM-10237,ORD-00097,PRD-115,6,220.00
ITEM-10238,ORD-00097,PRD-108,1,1500.00
ITEM-10239,ORD-00097,PRD-107,1,400.00
ITEM-10240,ORD-00098,PRD-110,7,2000.00
ITEM-10241,ORD-00098,PRD-118,3,1200.00
ITEM-10242,ORD-00098,PRD-101,5,2500.00
ITEM-10243,ORD-00098,PRD-104,6,300.00
ITEM-10244,ORD-00099,PRD-112,5,80.00
ITEM-10245,ORD-00099,PRD-118,2,1200.00
ITEM-10246,ORD-00100,PRD-105,2,650.00
ITEM-10247,ORD-00101,PRD-107,7,400.00
ITEM-10248,ORD-00101,PRD-117,9,350.00
ITEM-10249,ORD-00102,PRD-117,3,350.00
ITEM-10250,ORD-00102,PRD-115,6,220.00
ITEM-10251,ORD-00102,PRD-105,10,650.00
ITEM-10252,ORD-00102,PRD-120,6,3000.00
ITEM-10253,ORD-00103,PRD-117,8,350.00
ITEM-10254,ORD-00103,PRD-120,10,3000.00
ITEM-10255,ORD-00103,PRD-118,5,1200.00
ITEM-10256,ORD-00104,PRD-119,5,2500.00
ITEM-10257,ORD-00104,PRD-110,10,2000.00
ITEM-10258,ORD-00104,PRD-101,10,2500.00
ITEM-10259,ORD-00104,PRD-116,4,1000.00
ITEM-10260,ORD-00105,PRD-105,4,650.00
ITEM-10261,ORD-00105,PRD-108,1,1500.00
ITEM-10262,ORD-00105,PRD-102,8,1200.00
ITEM-10263,ORD-00105,PRD-104,6,300.00
ITEM-10264,ORD-00106,PRD-102,9,1200.00
ITEM-10265,ORD-00106,PRD-105,6,650.00
ITEM-10266,ORD-00106,PRD-117,8,350.00
ITEM-10267,ORD-00106,PRD-107,9,400.00
ITEM-10268,ORD-00107,PRD-118,10,1200.00
ITEM-10269,ORD-00107,PRD-112,8,80.00
ITEM-10270,ORD-00107,PRD-109,4,600.00
ITEM-10271,ORD-00108,PRD-107,8,400.00
ITEM-10272,ORD-00108,PRD-116,6,1000.00
ITEM-10273,ORD-00108,PRD-111,9,150.00
ITEM-10274,ORD-00109,PRD-113,1,500.00
ITEM-10275,ORD-00109,PRD-112,5,80.00
ITEM-10276,ORD-00109,PRD-105,2,650.00
ITEM-10277,ORD-00109,PRD-110,6,2000.00
ITEM-10278,ORD-00110,PRD-118,9,1200.00
ITEM-10279,ORD-00110,PRD-109,5,600.00
ITEM-10280,ORD-00111,PRD-102,4,1200.00
ITEM-10281,ORD-00111,PRD-117,4,350.00
ITEM-10282,ORD-00112,PRD-105,1,650.00
ITEM-10283,ORD-00113,PRD-107,1,400.00
ITEM-10284,ORD-00113,PRD-110,2,2000.00
ITEM-10285,ORD-00113,PRD-111,10,150.00
ITEM-10286,ORD-00113,PRD-119,4,2500.00
ITEM-10287,ORD-00114,PRD-113,8,500.00
ITEM-10288,ORD-00115,PRD-111,5,150.00
ITEM-10289,ORD-00116,PRD-109,3,600.00
ITEM-10290,ORD-00116,PRD-107,8,400.00
ITEM-10291,ORD-00116,PRD-104,5,300.00
ITEM-10292,ORD-00116,PRD-111,3,150.00
ITEM-10293,ORD-00117,PRD-120,7,3000.00
ITEM-10294,ORD-00117,PRD-113,9,500.00
ITEM-10295,ORD-00118,PRD-116,4,1000.00
ITEM-10296,ORD-00118,PRD-111,1,150.00
ITEM-10297,ORD-00119,PRD-110,5,2000.00
ITEM-10298,ORD-00119,PRD-119,6,2500.00
ITEM-10299,ORD-00119,PRD-101,4,2500.00
ITEM-10300,ORD-00120,PRD-117,6,350.00
ITEM-10301,ORD-00120,PRD-110,10,2000.00
ITEM-10302,ORD-00120,PRD-104,4,300.00
ITEM-10303,ORD-00120,PRD-119,4,2500.00
ITEM-10304,ORD-00121,PRD-114,9,120.00
ITEM-10305,ORD-00121,PRD-118,4,1200.00
ITEM-10306,ORD-00121,PRD-116,4,1000.00
ITEM-10307,ORD-00122,PRD-119,2,2500.00
ITEM-10308,ORD-00123,PRD-106,9,800.00
ITEM-10309,ORD-00123,PRD-111,8,150.00
ITEM-10310,ORD-00124,PRD-117,8,350.00
ITEM-10311,ORD-00125,PRD-118,8,1200.00
ITEM-10312,ORD-00126,PRD-119,1,2500.00
ITEM-10313,ORD-00126,PRD-103,7,450.00
ITEM-10314,ORD-00127,PRD-116,1,1000.00
ITEM-10315,ORD-00128,PRD-112,7,80.00
ITEM-10316,ORD-00128,PRD-113,2,500.00
ITEM-10317,ORD-00128,PRD-115,9,220.00
ITEM-10318,ORD-00128,PRD-119,3,2500.00
ITEM-10319,ORD-00129,PRD-108,1,1500.00
ITEM-10320,ORD-00129,PRD-101,5,2500.00
ITEM-10321,ORD-00130,PRD-108,3,1500.00
ITEM-10322,ORD-00130,PRD-120,5,3000.00
ITEM-10323,ORD-00130,PRD-115,4,220.00
ITEM-10324,ORD-00130,PRD-112,2,80.00
ITEM-10325,ORD-00131,PRD-107,2,400.00
ITEM-10326,ORD-00131,PRD-103,10,450.00
ITEM-10327,ORD-00132,PRD-102,8,1200.00
ITEM-10328,ORD-00132,PRD-113,4,500.00
ITEM-10329,ORD-00133,PRD-119,10,2500.00
ITEM-10330,ORD-00133,PRD-111,10,150.00
ITEM-10331,ORD-00134,PRD-114,5,120.00
ITEM-10332,ORD-00134,PRD-110,1,2000.00
ITEM-10333,ORD-00135,PRD-118,7,1200.00
ITEM-10334,ORD-00135,PRD-116,9,1000.00
ITEM-10335,ORD-00135,PRD-102,6,1200.00
ITEM-10336,ORD-00135,PRD-112,7,80.00
ITEM-10337,ORD-00136,PRD-108,8,1500.00
ITEM-10338,ORD-00136,PRD-120,1,3000.00
ITEM-10339,ORD-00136,PRD-110,9,2000.00
ITEM-10340,ORD-00136,PRD-105,7,650.00
ITEM-10341,ORD-00137,PRD-107,8,400.00
ITEM-10342,ORD-00137,PRD-111,6,150.00
ITEM-10343,ORD-00137,PRD-103,2,450.00
ITEM-10344,ORD-00138,PRD-103,4,450.00
ITEM-10345,ORD-00139,PRD-101,2,2500.00
ITEM-10346,ORD-00139,PRD-107,8,400.00
ITEM-10347,ORD-00139,PRD-119,4,2500.00
ITEM-10348,ORD-00140,PRD-115,5,220.00
ITEM-10349,ORD-00140,PRD-118,6,1200.00
ITEM-10350,ORD-00140,PRD-112,9,80.00
ITEM-10351,ORD-00140,PRD-110,8,2000.00
ITEM-10352,ORD-00141,PRD-112,7,80.00
ITEM-10353,ORD-00141,PRD-111,1,150.00
ITEM-10354,ORD-00142,PRD-110,4,2000.00
ITEM-10355,ORD-00142,PRD-105,7,650.00
ITEM-10356,ORD-00142,PRD-107,10,400.00
ITEM-10357,ORD-00142,PRD-111,4,150.00
ITEM-10358,ORD-00143,PRD-116,3,1000.00
ITEM-10359,ORD-00143,PRD-120,6,3000.00
ITEM-10360,ORD-00143,PRD-115,3,220.00
ITEM-10361,ORD-00144,PRD-117,1,350.00
ITEM-10362,ORD-00145,PRD-108,3,1500.00
ITEM-10363,ORD-00145,PRD-103,1,450.00
ITEM-10364,ORD-00146,PRD-116,1,1000.00
ITEM-10365,ORD-00146,PRD-101,1,2500.00
ITEM-10366,ORD-00146,PRD-119,9,2500.00
ITEM-10367,ORD-00146,PRD-114,5,120.00
ITEM-10368,ORD-00147,PRD-106,3,800.00
ITEM-10369,ORD-00147,PRD-104,4,300.00
ITEM-10370,ORD-00147,PRD-119,4,2500.00
ITEM-10371,ORD-00147,PRD-117,10,350.00
ITEM-10372,ORD-00148,PRD-112,7,80.00
ITEM-10373,ORD-00149,PRD-103,7,450.00
ITEM-10374,ORD-00149,PRD-102,7,1200.00
ITEM-10375,ORD-00149,PRD-120,7,3000.00
ITEM-10376,ORD-00150,PRD-103,7,450.00
ITEM-10377,ORD-00150,PRD-116,6,1000.00
ITEM-10378,ORD-00151,PRD-119,5,2500.00
ITEM-10379,ORD-00151,PRD-116,1,1000.00
ITEM-10380,ORD-00152,PRD-106,6,800.00
ITEM-10381,ORD-00153,PRD-103,10,450.00
ITEM-10382,ORD-00153,PRD-110,7,2000.00
ITEM-10383,ORD-00153,PRD-106,9,800.00
ITEM-10384,ORD-00153,PRD-108,6,1500.00
ITEM-10385,ORD-00154,PRD-102,4,1200.00
ITEM-10386,ORD-00154,PRD-104,2,300.00
ITEM-10387,ORD-00154,PRD-114,6,120.00
ITEM-10388,ORD-00155,PRD-108,7,1500.00
ITEM-10389,ORD-00155,PRD-112,3,80.00
ITEM-10390,ORD-00155,PRD-118,10,1200.00
ITEM-10391,ORD-00155,PRD-113,7,500.00
ITEM-10392,ORD-00156,PRD-103,5,450.00
ITEM-10393,ORD-00157,PRD-111,1,150.00
ITEM-10394,ORD-00157,PRD-112,5,80.00
ITEM-10395,ORD-00157,PRD-104,8,300.00
ITEM-10396,ORD-00157,PRD-103,6,450.00
ITEM-10397,ORD-00158,PRD-118,2,1200.00
ITEM-10398,ORD-00158,PRD-120,1,3000.00
ITEM-10399,ORD-00158,PRD-117,2,350.00
ITEM-10400,ORD-00158,PRD-114,6,120.00
ITEM-10401,ORD-00159,PRD-101,2,2500.00
ITEM-10402,ORD-00159,PRD-110,9,2000.00
ITEM-10403,ORD-00159,PRD-114,4,120.00
ITEM-10404,ORD-00159,PRD-113,10,500.00
ITEM-10405,ORD-00160,PRD-110,3,2000.00
ITEM-10406,ORD-00160,PRD-109,2,600.00
ITEM-10407,ORD-00160,PRD-116,3,1000.00
ITEM-10408,ORD-00161,PRD-109,10,600.00
ITEM-10409,ORD-00161,PRD-108,10,1500.00
ITEM-10410,ORD-00161,PRD-116,4,1000.00
ITEM-10411,ORD-00162,PRD-120,8,3000.00
ITEM-10412,ORD-00162,PRD-113,6,500.00
ITEM-10413,ORD-00162,PRD-111,7,150.00
ITEM-10414,ORD-00163,PRD-116,3,1000.00
ITEM-10415,ORD-00163,PRD-111,7,150.00
ITEM-10416,ORD-00164,PRD-111,5,150.00
ITEM-10417,ORD-00164,PRD-113,7,500.00
ITEM-10418,ORD-00165,PRD-118,8,1200.00
ITEM-10419,ORD-00165,PRD-101,4,2500.00
ITEM-10420,ORD-00166,PRD-105,3,650.00
ITEM-10421,ORD-00166,PRD-110,7,2000.00
ITEM-10422,ORD-00166,PRD-108,7,1500.00
ITEM-10423,ORD-00166,PRD-109,2,600.00
ITEM-10424,ORD-00167,PRD-118,2,1200.00
ITEM-10425,ORD-00167,PRD-102,4,1200.00
ITEM-10426,ORD-00167,PRD-112,6,80.00
ITEM-10427,ORD-00167,PRD-103,3,450.00
ITEM-10428,ORD-00168,PRD-114,2,120.00
ITEM-10429,ORD-00168,PRD-104,5,300.00
ITEM-10430,ORD-00168,PRD-101,4,2500.00
ITEM-10431,ORD-00169,PRD-115,7,220.00
ITEM-10432,ORD-00169,PRD-112,8,80.00
ITEM-10433,ORD-00170,PRD-110,7,2000.00
ITEM-10434,ORD-00171,PRD-115,8,220.00
ITEM-10435,ORD-00171,PRD-107,6,400.00
ITEM-10436,ORD-00171,PRD-117,8,350.00
ITEM-10437,ORD-00172,PRD-110,1,2000.00
ITEM-10438,ORD-00173,PRD-108,3,1500.00
ITEM-10439,ORD-00173,PRD-117,9,350.00
ITEM-10440,ORD-00174,PRD-113,3,500.00
ITEM-10441,ORD-00174,PRD-106,7,800.00
ITEM-10442,ORD-00175,PRD-119,4,2500.00
ITEM-10443,ORD-00175,PRD-114,4,120.00
ITEM-10444,ORD-00175,PRD-113,5,500.00
ITEM-10445,ORD-00175,PRD-101,2,2500.00
ITEM-10446,ORD-00176,PRD-115,5,220.00
ITEM-10447,ORD-00176,PRD-104,8,300.00
ITEM-10448,ORD-00177,PRD-119,8,2500.00
ITEM-10449,ORD-00177,PRD-104,10,300.00
ITEM-10450,ORD-00177,PRD-112,3,80.00
ITEM-10451,ORD-00177,PRD-118,5,1200.00
ITEM-10452,ORD-00178,PRD-104,3,300.00
ITEM-10453,ORD-00178,PRD-106,9,800.00
ITEM-10454,ORD-00178,PRD-112,7,80.00
ITEM-10455,ORD-00179,PRD-116,3,1000.00
ITEM-10456,ORD-00179,PRD-118,9,1200.00
ITEM-10457,ORD-00180,PRD-120,8,3000.00
ITEM-10458,ORD-00180,PRD-102,3,1200.00
ITEM-10459,ORD-00180,PRD-112,4,80.00
ITEM-10460,ORD-00180,PRD-101,7,2500.00
ITEM-10461,ORD-00181,PRD-114,2,120.00
ITEM-10462,ORD-00181,PRD-115,10,220.00
ITEM-10463,ORD-00181,PRD-116,1,1000.00
ITEM-10464,ORD-00181,PRD-106,4,800.00
ITEM-10465,ORD-00182,PRD-115,8,220.00
ITEM-10466,ORD-00182,PRD-119,9,2500.00
ITEM-10467,ORD-00183,PRD-118,9,1200.00
ITEM-10468,ORD-00183,PRD-102,4,1200.00
ITEM-10469,ORD-00183,PRD-115,7,220.00
ITEM-10470,ORD-00184,PRD-109,2,600.00
ITEM-10471,ORD-00184,PRD-112,4,80.00
ITEM-10472,ORD-00184,PRD-103,4,450.00
ITEM-10473,ORD-00184,PRD-115,10,220.00
ITEM-10474,ORD-00185,PRD-107,1,400.00
ITEM-10475,ORD-00185,PRD-120,10,3000.00
ITEM-10476,ORD-00186,PRD-110,9,2000.00
ITEM-10477,ORD-00186,PRD-120,2,3000.00
ITEM-10478,ORD-00186,PRD-109,3,600.00
ITEM-10479,ORD-00187,PRD-108,6,1500.00
ITEM-10480,ORD-00187,PRD-105,4,650.00
ITEM-10481,ORD-00188,PRD-113,7,500.00
ITEM-10482,ORD-00188,PRD-115,9,220.00
ITEM-10483,ORD-00188,PRD-103,5,450.00
ITEM-10484,ORD-00188,PRD-118,6,1200.00
ITEM-10485,ORD-00189,PRD-115,6,220.00
ITEM-10486,ORD-00190,PRD-116,6,1000.00
ITEM-10487,ORD-00190,PRD-109,5,600.00
ITEM-10488,ORD-00191,PRD-102,8,1200.00
ITEM-10489,ORD-00191,PRD-120,1,3000.00
ITEM-10490,ORD-00191,PRD-104,2,300.00
ITEM-10491,ORD-00192,PRD-105,3,650.00
ITEM-10492,ORD-00192,PRD-110,5,2000.00
ITEM-10493,ORD-00193,PRD-102,5,1200.00
ITEM-10494,ORD-00193,PRD-113,4,500.00
ITEM-10495,ORD-00194,PRD-116,3,1000.00
ITEM-10496,ORD-00194,PRD-103,10,450.00
ITEM-10497,ORD-00195,PRD-104,8,300.00
ITEM-10498,ORD-00195,PRD-114,2,120.00
ITEM-10499,ORD-00195,PRD-105,4,650.00
ITEM-10500,ORD-00196,PRD-112,7,80.00
ITEM-10501,ORD-00196,PRD-110,3,2000.00
ITEM-10502,ORD-00196,PRD-105,3,650.00
ITEM-10503,ORD-00197,PRD-115,4,220.00
ITEM-10504,ORD-00197,PRD-112,3,80.00
ITEM-10505,ORD-00198,PRD-104,3,300.00
ITEM-10506,ORD-00199,PRD-105,2,650.00
ITEM-10507,ORD-00199,PRD-108,4,1500.00
ITEM-10508,ORD-00199,PRD-109,9,600.00
ITEM-10509,ORD-00200,PRD-107,4,400.00
ITEM-10510,ORD-00200,PRD-117,7,350.00
ITEM-10511,ORD-00200,PRD-119,5,2500.00
ITEM-10512,ORD-00201,PRD-120,6,3000.00
ITEM-10513,ORD-00201,PRD-103,6,450.00
ITEM-10514,ORD-00201,PRD-117,3,350.00
ITEM-10515,ORD-00201,PRD-101,7,2500.00
ITEM-10516,ORD-00202,PRD-103,5,450.00
ITEM-10517,ORD-00202,PRD-101,4,2500.00
ITEM-10518,ORD-00202,PRD-120,1,3000.00
ITEM-10519,ORD-00202,PRD-119,1,2500.00
ITEM-10520,ORD-00203,PRD-114,5,120.00
ITEM-10521,ORD-00203,PRD-113,2,500.00
ITEM-10522,ORD-00203,PRD-103,5,450.00
ITEM-10523,ORD-00203,PRD-105,2,650.00
ITEM-10524,ORD-00204,PRD-110,7,2000.00
ITEM-10525,ORD-00205,PRD-115,10,220.00
ITEM-10526,ORD-00206,PRD-104,3,300.00
ITEM-10527,ORD-00206,PRD-101,1,2500.00
ITEM-10528,ORD-00207,PRD-106,5,800.00
ITEM-10529,ORD-00207,PRD-112,2,80.00
ITEM-10530,ORD-00207,PRD-105,1,650.00
ITEM-10531,ORD-00208,PRD-116,8,1000.00
ITEM-10532,ORD-00209,PRD-112,5,80.00
ITEM-10533,ORD-00209,PRD-106,2,800.00
ITEM-10534,ORD-00210,PRD-102,1,1200.00
ITEM-10535,ORD-00211,PRD-102,7,1200.00
ITEM-10536,ORD-00211,PRD-118,4,1200.00
ITEM-10537,ORD-00212,PRD-103,2,450.00
ITEM-10538,ORD-00212,PRD-119,9,2500.00
ITEM-10539,ORD-00212,PRD-112,1,80.00
ITEM-10540,ORD-00213,PRD-115,5,220.00
ITEM-10541,ORD-00214,PRD-107,10,400.00
ITEM-10542,ORD-00214,PRD-110,4,2000.00
ITEM-10543,ORD-00214,PRD-119,8,2500.00
ITEM-10544,ORD-00215,PRD-105,7,650.00
ITEM-10545,ORD-00215,PRD-101,1,2500.00
ITEM-10546,ORD-00216,PRD-111,1,150.00
ITEM-10547,ORD-00217,PRD-116,2,1000.00
ITEM-10548,ORD-00217,PRD-102,1,1200.00
ITEM-10549,ORD-00217,PRD-105,4,650.00
ITEM-10550,ORD-00217,PRD-109,9,600.00
ITEM-10551,ORD-00218,PRD-119,2,2500.00
ITEM-10552,ORD-00219,PRD-114,3,120.00
ITEM-10553,ORD-00220,PRD-111,4,150.00
ITEM-10554,ORD-00220,PRD-115,2,220.00
ITEM-10555,ORD-00220,PRD-109,4,600.00
ITEM-10556,ORD-00221,PRD-115,9,220.00
ITEM-10557,ORD-00221,PRD-111,6,150.00
ITEM-10558,ORD-00221,PRD-114,4,120.00
ITEM-10559,ORD-00221,PRD-104,8,300.00
ITEM-10560,ORD-00222,PRD-110,4,2000.00
ITEM-10561,ORD-00222,PRD-102,6,1200.00
ITEM-10562,ORD-00223,PRD-117,3,350.00
ITEM-10563,ORD-00223,PRD-102,1,1200.00
ITEM-10564,ORD-00223,PRD-110,7,2000.00
ITEM-10565,ORD-00223,PRD-109,8,600.00
ITEM-10566,ORD-00224,PRD-104,1,300.00
ITEM-10567,ORD-00224,PRD-101,4,2500.00
ITEM-10568,ORD-00225,PRD-119,10,2500.00
ITEM-10569,ORD-00226,PRD-105,1,650.00
ITEM-10570,ORD-00226,PRD-103,8,450.00
ITEM-10571,ORD-00226,PRD-111,1,150.00
ITEM-10572,ORD-00226,PRD-104,3,300.00
ITEM-10573,ORD-00227,PRD-114,3,120.00
ITEM-10574,ORD-00227,PRD-106,5,800.00
ITEM-10575,ORD-00227,PRD-112,5,80.00
ITEM-10576,ORD-00227,PRD-107,8,400.00
ITEM-10577,ORD-00228,PRD-116,8,1000.00
ITEM-10578,ORD-00228,PRD-114,1,120.00
ITEM-10579,ORD-00228,PRD-118,2,1200.00
ITEM-10580,ORD-00229,PRD-118,7,1200.00
ITEM-10581,ORD-00229,PRD-101,6,2500.00
ITEM-10582,ORD-00230,PRD-113,1,500.00
ITEM-10583,ORD-00230,PRD-109,6,600.00
ITEM-10584,ORD-00230,PRD-106,10,800.00
ITEM-10585,ORD-00231,PRD-119,2,2500.00
ITEM-10586,ORD-00231,PRD-108,4,1500.00
ITEM-10587,ORD-00231,PRD-106,4,800.00
ITEM-10588,ORD-00232,PRD-112,10,80.00
ITEM-10589,ORD-00232,PRD-106,6,800.00
ITEM-10590,ORD-00232,PRD-119,6,2500.00
ITEM-10591,ORD-00232,PRD-108,10,1500.00
ITEM-10592,ORD-00233,PRD-119,8,2500.00
ITEM-10593,ORD-00233,PRD-107,9,400.00
ITEM-10594,ORD-00234,PRD-120,1,3000.00
ITEM-10595,ORD-00234,PRD-108,9,1500.00
ITEM-10596,ORD-00235,PRD-111,6,150.00
ITEM-10597,ORD-00235,PRD-106,1,800.00
ITEM-10598,ORD-00236,PRD-117,6,350.00
ITEM-10599,ORD-00237,PRD-111,5,150.00
ITEM-10600,ORD-00238,PRD-111,4,150.00
ITEM-10601,ORD-00238,PRD-106,10,800.00
ITEM-10602,ORD-00238,PRD-118,3,1200.00
ITEM-10603,ORD-00238,PRD-112,7,80.00
ITEM-10604,ORD-00239,PRD-119,7,2500.00
ITEM-10605,ORD-00240,PRD-119,8,2500.00
ITEM-10606,ORD-00240,PRD-104,3,300.00
ITEM-10607,ORD-00241,PRD-103,8,450.00
ITEM-10608,ORD-00241,PRD-111,1,150.00
ITEM-10609,ORD-00242,PRD-104,7,300.00
ITEM-10610,ORD-00242,PRD-101,8,2500.00
ITEM-10611,ORD-00242,PRD-102,7,1200.00
ITEM-10612,ORD-00243,PRD-104,8,300.00
ITEM-10613,ORD-00243,PRD-116,2,1000.00
ITEM-10614,ORD-00243,PRD-108,1,1500.00
ITEM-10615,ORD-00243,PRD-106,5,800.00
ITEM-10616,ORD-00244,PRD-106,2,800.00
ITEM-10617,ORD-00244,PRD-113,9,500.00
ITEM-10618,ORD-00244,PRD-120,2,3000.00
ITEM-10619,ORD-00245,PRD-114,3,120.00
ITEM-10620,ORD-00246,PRD-114,9,120.00
ITEM-10621,ORD-00246,PRD-118,5,1200.00
ITEM-10622,ORD-00247,PRD-105,7,650.00
ITEM-10623,ORD-00247,PRD-102,2,1200.00
ITEM-10624,ORD-00247,PRD-112,5,80.00
ITEM-10625,ORD-00247,PRD-101,10,2500.00
ITEM-10626,ORD-00248,PRD-103,5,450.00
ITEM-10627,ORD-00248,PRD-116,7,1000.00
ITEM-10628,ORD-00248,PRD-104,8,300.00
ITEM-10629,ORD-00249,PRD-106,3,800.00
ITEM-10630,ORD-00249,PRD-112,8,80.00
ITEM-10631,ORD-00249,PRD-113,1,500.00
ITEM-10632,ORD-00249,PRD-119,5,2500.00
ITEM-10633,ORD-00250,PRD-105,2,650.00
ITEM-10634,ORD-00251,PRD-118,7,1200.00
ITEM-10635,ORD-00251,PRD-102,9,1200.00
ITEM-10636,ORD-00252,PRD-116,2,1000.00
ITEM-10637,ORD-00252,PRD-110,7,2000.00
ITEM-10638,ORD-00253,PRD-104,3,300.00
ITEM-10639,ORD-00253,PRD-115,3,220.00
ITEM-10640,ORD-00254,PRD-107,2,400.00
ITEM-10641,ORD-00254,PRD-105,2,650.00
ITEM-10642,ORD-00254,PRD-109,7,600.00
ITEM-10643,ORD-00254,PRD-111,9,150.00
ITEM-10644,ORD-00255,PRD-101,2,2500.00
ITEM-10645,ORD-00255,PRD-119,7,2500.00
ITEM-10646,ORD-00255,PRD-117,3,350.00
ITEM-10647,ORD-00255,PRD-114,3,120.00
ITEM-10648,ORD-00256,PRD-119,2,2500.00
ITEM-10649,ORD-00257,PRD-116,3,1000.00
ITEM-10650,ORD-00257,PRD-119,5,2500.00
ITEM-10651,ORD-00257,PRD-120,7,3000.00
ITEM-10652,ORD-00257,PRD-102,3,1200.00
ITEM-10653,ORD-00258,PRD-102,5,1200.00
ITEM-10654,ORD-00258,PRD-116,6,1000.00
ITEM-10655,ORD-00259,PRD-108,3,1500.00
ITEM-10656,ORD-00260,PRD-107,8,400.00
ITEM-10657,ORD-00261,PRD-102,2,1200.00
ITEM-10658,ORD-00261,PRD-117,5,350.00
ITEM-10659,ORD-00261,PRD-106,9,800.00
ITEM-10660,ORD-00262,PRD-107,1,400.00
ITEM-10661,ORD-00262,PRD-120,4,3000.00
ITEM-10662,ORD-00263,PRD-109,8,600.00
ITEM-10663,ORD-00263,PRD-112,9,80.00
ITEM-10664,ORD-00264,PRD-116,8,1000.00
ITEM-10665,ORD-00264,PRD-115,10,220.00
ITEM-10666,ORD-00264,PRD-106,9,800.00
ITEM-10667,ORD-00265,PRD-110,1,2000.00
ITEM-10668,ORD-00266,PRD-108,5,1500.00
ITEM-10669,ORD-00266,PRD-107,7,400.00
ITEM-10670,ORD-00267,PRD-120,4,3000.00
ITEM-10671,ORD-00267,PRD-101,5,2500.00
ITEM-10672,ORD-00268,PRD-115,8,220.00
ITEM-10673,ORD-00268,PRD-109,5,600.00
ITEM-10674,ORD-00268,PRD-107,9,400.00
ITEM-10675,ORD-00269,PRD-118,2,1200.00
ITEM-10676,ORD-00269,PRD-110,8,2000.00
ITEM-10677,ORD-00269,PRD-119,2,2500.00
ITEM-10678,ORD-00270,PRD-110,9,2000.00
ITEM-10679,ORD-00270,PRD-107,4,400.00
ITEM-10680,ORD-00270,PRD-105,1,650.00
ITEM-10681,ORD-00271,PRD-116,5,1000.00
ITEM-10682,ORD-00272,PRD-111,9,150.00
ITEM-10683,ORD-00272,PRD-108,8,1500.00
ITEM-10684,ORD-00273,PRD-110,8,2000.00
ITEM-10685,ORD-00273,PRD-104,3,300.00
ITEM-10686,ORD-00274,PRD-108,6,1500.00
ITEM-10687,ORD-00275,PRD-109,8,600.00
ITEM-10688,ORD-00275,PRD-119,2,2500.00
ITEM-10689,ORD-00275,PRD-110,8,2000.00
ITEM-10690,ORD-00276,PRD-116,4,1000.00
ITEM-10691,ORD-00277,PRD-102,6,1200.00
ITEM-10692,ORD-00277,PRD-105,7,650.00
ITEM-10693,ORD-00277,PRD-119,10,2500.00
ITEM-10694,ORD-00277,PRD-107,8,400.00
ITEM-10695,ORD-00278,PRD-111,1,150.00
ITEM-10696,ORD-00278,PRD-106,8,800.00
ITEM-10697,ORD-00278,PRD-120,5,3000.00
ITEM-10698,ORD-00278,PRD-102,4,1200.00
ITEM-10699,ORD-00279,PRD-120,7,3000.00
ITEM-10700,ORD-00279,PRD-114,7,120.00
ITEM-10701,ORD-00280,PRD-112,6,80.00
ITEM-10702,ORD-00280,PRD-101,9,2500.00
ITEM-10703,ORD-00281,PRD-108,5,1500.00
ITEM-10704,ORD-00281,PRD-112,3,80.00
ITEM-10705,ORD-00282,PRD-102,5,1200.00
ITEM-10706,ORD-00283,PRD-114,8,120.00
ITEM-10707,ORD-00283,PRD-105,6,650.00
ITEM-10708,ORD-00283,PRD-111,4,150.00
ITEM-10709,ORD-00284,PRD-107,10,400.00
ITEM-10710,ORD-00284,PRD-101,9,2500.00
ITEM-10711,ORD-00285,PRD-109,2,600.00
ITEM-10712,ORD-00285,PRD-118,1,1200.00
ITEM-10713,ORD-00285,PRD-102,1,1200.00
ITEM-10714,ORD-00285,PRD-119,2,2500.00
ITEM-10715,ORD-00286,PRD-105,7,650.00
ITEM-10716,ORD-00286,PRD-107,2,400.00
ITEM-10717,ORD-00286,PRD-101,9,2500.00
ITEM-10718,ORD-00286,PRD-110,5,2000.00
ITEM-10719,ORD-00287,PRD-110,2,2000.00
ITEM-10720,ORD-00288,PRD-112,5,80.00
ITEM-10721,ORD-00288,PRD-114,3,120.00
ITEM-10722,ORD-00289,PRD-111,2,150.00
ITEM-10723,ORD-00289,PRD-108,2,1500.00
ITEM-10724,ORD-00289,PRD-101,10,2500.00
ITEM-10725,ORD-00289,PRD-118,8,1200.00
ITEM-10726,ORD-00290,PRD-109,4,600.00
ITEM-10727,ORD-00291,PRD-102,6,1200.00
ITEM-10728,ORD-00291,PRD-110,6,2000.00
ITEM-10729,ORD-00292,PRD-105,3,650.00
ITEM-10730,ORD-00293,PRD-112,6,80.00
ITEM-10731,ORD-00294,PRD-113,3,500.00
ITEM-10732,ORD-00294,PRD-116,2,1000.00
ITEM-10733,ORD-00294,PRD-114,3,120.00
ITEM-10734,ORD-00295,PRD-119,6,2500.00
ITEM-10735,ORD-00295,PRD-115,10,220.00
ITEM-10736,ORD-00295,PRD-106,1,800.00
ITEM-10737,ORD-00295,PRD-113,3,500.00
ITEM-10738,ORD-00296,PRD-103,5,450.00
ITEM-10739,ORD-00297,PRD-111,9,150.00
ITEM-10740,ORD-00297,PRD-117,10,350.00
ITEM-10741,ORD-00298,PRD-113,10,500.00
ITEM-10742,ORD-00298,PRD-105,1,650.00
ITEM-10743,ORD-00298,PRD-118,1,1200.00
ITEM-10744,ORD-00299,PRD-116,6,1000.00
ITEM-10745,ORD-00300,PRD-113,8,500.00
ITEM-10746,ORD-00300,PRD-108,10,1500.00
ITEM-10747,ORD-00300,PRD-103,8,450.00
ITEM-10748,ORD-00300,PRD-115,2,220.00
ITEM-10749,ORD-00301,PRD-104,7,300.00
ITEM-10750,ORD-00302,PRD-117,8,350.00
ITEM-10751,ORD-00302,PRD-118,6,1200.00
ITEM-10752,ORD-00302,PRD-107,6,400.00
ITEM-10753,ORD-00303,PRD-112,4,80.00
ITEM-10754,ORD-00303,PRD-115,1,220.00
ITEM-10755,ORD-00303,PRD-104,6,300.00
ITEM-10756,ORD-00303,PRD-118,6,1200.00
ITEM-10757,ORD-00304,PRD-106,8,800.00
ITEM-10758,ORD-00305,PRD-104,4,300.00
ITEM-10759,ORD-00305,PRD-113,8,500.00
ITEM-10760,ORD-00306,PRD-115,8,220.00
ITEM-10761,ORD-00307,PRD-118,7,1200.00
ITEM-10762,ORD-00308,PRD-105,7,650.00
ITEM-10763,ORD-00308,PRD-104,10,300.00
ITEM-10764,ORD-00309,PRD-109,6,600.00
ITEM-10765,ORD-00309,PRD-113,5,500.00
ITEM-10766,ORD-00310,PRD-118,4,1200.00
ITEM-10767,ORD-00310,PRD-111,4,150.00
ITEM-10768,ORD-00310,PRD-120,4,3000.00
ITEM-10769,ORD-00311,PRD-117,6,350.00
ITEM-10770,ORD-00311,PRD-118,2,1200.00
ITEM-10771,ORD-00312,PRD-118,9,1200.00
ITEM-10772,ORD-00312,PRD-110,2,2000.00
ITEM-10773,ORD-00312,PRD-114,1,120.00
ITEM-10774,ORD-00312,PRD-101,7,2500.00
ITEM-10775,ORD-00313,PRD-110,3,2000.00
ITEM-10776,ORD-00313,PRD-109,1,600.00
ITEM-10777,ORD-00314,PRD-120,9,3000.00
ITEM-10778,ORD-00315,PRD-102,7,1200.00
ITEM-10779,ORD-00315,PRD-113,6,500.00
ITEM-10780,ORD-00315,PRD-119,9,2500.00
ITEM-10781,ORD-00316,PRD-108,4,1500.00
ITEM-10782,ORD-00316,PRD-112,5,80.00
ITEM-10783,ORD-00316,PRD-118,8,1200.00
ITEM-10784,ORD-00316,PRD-107,3,400.00
ITEM-10785,ORD-00317,PRD-102,3,1200.00
ITEM-10786,ORD-00317,PRD-114,3,120.00
ITEM-10787,ORD-00317,PRD-109,10,600.00
ITEM-10788,ORD-00317,PRD-118,5,1200.00
ITEM-10789,ORD-00318,PRD-105,6,650.00
ITEM-10790,ORD-00319,PRD-119,6,2500.00
ITEM-10791,ORD-00319,PRD-118,9,1200.00
ITEM-10792,ORD-00319,PRD-112,4,80.00
ITEM-10793,ORD-00319,PRD-103,3,450.00
ITEM-10794,ORD-00320,PRD-103,6,450.00
ITEM-10795,ORD-00320,PRD-112,6,80.00
ITEM-10796,ORD-00320,PRD-108,6,1500.00
ITEM-10797,ORD-00320,PRD-107,5,400.00
ITEM-10798,ORD-00321,PRD-104,6,300.00
ITEM-10799,ORD-00322,PRD-102,7,1200.00
ITEM-10800,ORD-00322,PRD-111,2,150.00
ITEM-10801,ORD-00323,PRD-117,8,350.00
ITEM-10802,ORD-00323,PRD-120,1,3000.00
ITEM-10803,ORD-00323,PRD-115,5,220.00
ITEM-10804,ORD-00324,PRD-118,1,1200.00
ITEM-10805,ORD-00324,PRD-120,2,3000.00
ITEM-10806,ORD-00325,PRD-104,2,300.00
ITEM-10807,ORD-00325,PRD-107,3,400.00
ITEM-10808,ORD-00325,PRD-118,1,1200.00
ITEM-10809,ORD-00325,PRD-114,8,120.00
ITEM-10810,ORD-00326,PRD-118,5,1200.00
ITEM-10811,ORD-00326,PRD-103,7,450.00
ITEM-10812,ORD-00326,PRD-108,7,1500.00
ITEM-10813,ORD-00327,PRD-104,10,300.00
ITEM-10814,ORD-00327,PRD-118,1,1200.00
ITEM-10815,ORD-00327,PRD-101,2,2500.00
ITEM-10816,ORD-00327,PRD-103,6,450.00
ITEM-10817,ORD-00328,PRD-110,8,2000.00
ITEM-10818,ORD-00329,PRD-105,9,650.00
ITEM-10819,ORD-00329,PRD-113,5,500.00
ITEM-10820,ORD-00330,PRD-101,3,2500.00
ITEM-10821,ORD-00330,PRD-118,2,1200.00
ITEM-10822,ORD-00330,PRD-119,1,2500.00
ITEM-10823,ORD-00331,PRD-110,4,2000.00
ITEM-10824,ORD-00332,PRD-106,4,800.00
ITEM-10825,ORD-00332,PRD-120,10,3000.00
ITEM-10826,ORD-00333,PRD-118,8,1200.00
ITEM-10827,ORD-00334,PRD-107,10,400.00
ITEM-10828,ORD-00335,PRD-104,10,300.00
ITEM-10829,ORD-00335,PRD-110,2,2000.00
ITEM-10830,ORD-00336,PRD-119,6,2500.00
ITEM-10831,ORD-00336,PRD-105,7,650.00
ITEM-10832,ORD-00336,PRD-112,3,80.00
ITEM-10833,ORD-00337,PRD-109,8,600.00
ITEM-10834,ORD-00337,PRD-112,8,80.00
ITEM-10835,ORD-00337,PRD-105,8,650.00
ITEM-10836,ORD-00337,PRD-111,6,150.00
ITEM-10837,ORD-00338,PRD-109,3,600.00
ITEM-10838,ORD-00339,PRD-103,1,450.00
ITEM-10839,ORD-00340,PRD-119,9,2500.00
ITEM-10840,ORD-00340,PRD-107,9,400.00
ITEM-10841,ORD-00340,PRD-102,8,1200.00
ITEM-10842,ORD-00340,PRD-109,3,600.00
ITEM-10843,ORD-00341,PRD-105,9,650.00
ITEM-10844,ORD-00341,PRD-115,2,220.00
ITEM-10845,ORD-00341,PRD-117,7,350.00
ITEM-10846,ORD-00342,PRD-117,8,350.00
ITEM-10847,ORD-00342,PRD-105,3,650.00
ITEM-10848,ORD-00343,PRD-112,4,80.00
ITEM-10849,ORD-00343,PRD-102,2,1200.00
ITEM-10850,ORD-00343,PRD-108,5,1500.00
ITEM-10851,ORD-00343,PRD-116,6,1000.00
ITEM-10852,ORD-00344,PRD-116,6,1000.00
ITEM-10853,ORD-00344,PRD-115,2,220.00
ITEM-10854,ORD-00344,PRD-102,9,1200.00
ITEM-10855,ORD-00344,PRD-118,5,1200.00
ITEM-10856,ORD-00345,PRD-112,5,80.00
ITEM-10857,ORD-00345,PRD-119,7,2500.00
ITEM-10858,ORD-00345,PRD-103,4,450.00
ITEM-10859,ORD-00345,PRD-117,9,350.00
ITEM-10860,ORD-00346,PRD-117,3,350.00
ITEM-10861,ORD-00347,PRD-107,3,400.00
ITEM-10862,ORD-00347,PRD-105,6,650.00
ITEM-10863,ORD-00347,PRD-106,10,800.00
ITEM-10864,ORD-00348,PRD-116,8,1000.00
ITEM-10865,ORD-00349,PRD-108,1,1500.00
ITEM-10866,ORD-00350,PRD-119,3,2500.00
ITEM-10867,ORD-00351,PRD-120,2,3000.00
ITEM-10868,ORD-00351,PRD-119,4,2500.00
ITEM-10869,ORD-00351,PRD-101,8,2500.00
ITEM-10870,ORD-00351,PRD-110,10,2000.00
ITEM-10871,ORD-00352,PRD-119,10,2500.00
ITEM-10872,ORD-00352,PRD-106,9,800.00
ITEM-10873,ORD-00353,PRD-108,7,1500.00
ITEM-10874,ORD-00354,PRD-105,10,650.00
ITEM-10875,ORD-00354,PRD-104,10,300.00
ITEM-10876,ORD-00354,PRD-106,1,800.00
ITEM-10877,ORD-00354,PRD-116,9,1000.00
ITEM-10878,ORD-00355,PRD-114,9,120.00
ITEM-10879,ORD-00356,PRD-116,6,1000.00
ITEM-10880,ORD-00356,PRD-113,10,500.00
ITEM-10881,ORD-00357,PRD-103,10,450.00
ITEM-10882,ORD-00357,PRD-110,9,2000.00
ITEM-10883,ORD-00358,PRD-119,9,2500.00
ITEM-10884,ORD-00359,PRD-114,3,120.00
ITEM-10885,ORD-00359,PRD-112,7,80.00
ITEM-10886,ORD-00359,PRD-104,10,300.00
ITEM-10887,ORD-00360,PRD-113,9,500.00
ITEM-10888,ORD-00360,PRD-107,9,400.00
ITEM-10889,ORD-00360,PRD-114,8,120.00
ITEM-10890,ORD-00361,PRD-119,3,2500.00
ITEM-10891,ORD-00361,PRD-112,2,80.00
ITEM-10892,ORD-00361,PRD-113,4,500.00
ITEM-10893,ORD-00362,PRD-111,7,150.00
ITEM-10894,ORD-00362,PRD-118,1,1200.00
ITEM-10895,ORD-00362,PRD-102,2,1200.00
ITEM-10896,ORD-00362,PRD-106,3,800.00
ITEM-10897,ORD-00363,PRD-112,10,80.00
ITEM-10898,ORD-00363,PRD-103,1,450.00
ITEM-10899,ORD-00364,PRD-106,8,800.00
ITEM-10900,ORD-00365,PRD-107,9,400.00
ITEM-10901,ORD-00365,PRD-102,4,1200.00
ITEM-10902,ORD-00365,PRD-117,10,350.00
ITEM-10903,ORD-00366,PRD-106,2,800.00
ITEM-10904,ORD-00367,PRD-117,2,350.00
ITEM-10905,ORD-00367,PRD-101,2,2500.00
ITEM-10906,ORD-00368,PRD-112,10,80.00
ITEM-10907,ORD-00368,PRD-109,4,600.00
ITEM-10908,ORD-00368,PRD-108,8,1500.00
ITEM-10909,ORD-00369,PRD-118,2,1200.00
ITEM-10910,ORD-00370,PRD-118,8,1200.00
ITEM-10911,ORD-00370,PRD-119,7,2500.00
ITEM-10912,ORD-00370,PRD-109,10,600.00
ITEM-10913,ORD-00371,PRD-119,5,2500.00
ITEM-10914,ORD-00371,PRD-101,2,2500.00
ITEM-10915,ORD-00371,PRD-116,7,1000.00
ITEM-10916,ORD-00371,PRD-104,4,300.00
ITEM-10917,ORD-00372,PRD-109,4,600.00
ITEM-10918,ORD-00373,PRD-118,3,1200.00
ITEM-10919,ORD-00374,PRD-106,4,800.00
ITEM-10920,ORD-00374,PRD-107,4,400.00
ITEM-10921,ORD-00374,PRD-116,4,1000.00
ITEM-10922,ORD-00375,PRD-105,2,650.00
ITEM-10923,ORD-00375,PRD-104,8,300.00
ITEM-10924,ORD-00375,PRD-119,10,2500.00
ITEM-10925,ORD-00376,PRD-116,8,1000.00
ITEM-10926,ORD-00376,PRD-119,3,2500.00
ITEM-10927,ORD-00376,PRD-109,9,600.00
ITEM-10928,ORD-00377,PRD-117,7,350.00
ITEM-10929,ORD-00378,PRD-115,9,220.00
ITEM-10930,ORD-00378,PRD-104,8,300.00
ITEM-10931,ORD-00379,PRD-119,10,2500.00
ITEM-10932,ORD-00379,PRD-104,5,300.00
ITEM-10933,ORD-00379,PRD-111,3,150.00
ITEM-10934,ORD-00379,PRD-112,9,80.00
ITEM-10935,ORD-00380,PRD-112,7,80.00
ITEM-10936,ORD-00380,PRD-106,4,800.00
ITEM-10937,ORD-00380,PRD-116,7,1000.00
ITEM-10938,ORD-00381,PRD-119,2,2500.00
ITEM-10939,ORD-00381,PRD-108,5,1500.00
ITEM-10940,ORD-00382,PRD-105,1,650.00
ITEM-10941,ORD-00382,PRD-116,3,1000.00
ITEM-10942,ORD-00383,PRD-116,9,1000.00
ITEM-10943,ORD-00383,PRD-110,10,2000.00
ITEM-10944,ORD-00383,PRD-109,1,600.00
ITEM-10945,ORD-00384,PRD-116,6,1000.00
ITEM-10946,ORD-00384,PRD-104,5,300.00
ITEM-10947,ORD-00384,PRD-115,6,220.00
ITEM-10948,ORD-00385,PRD-101,6,2500.00
ITEM-10949,ORD-00385,PRD-114,10,120.00
ITEM-10950,ORD-00385,PRD-104,4,300.00
ITEM-10951,ORD-00386,PRD-112,8,80.00
ITEM-10952,ORD-00386,PRD-111,8,150.00
ITEM-10953,ORD-00386,PRD-117,2,350.00
ITEM-10954,ORD-00387,PRD-111,10,150.00
ITEM-10955,ORD-00387,PRD-114,10,120.00
ITEM-10956,ORD-00388,PRD-111,10,150.00
ITEM-10957,ORD-00388,PRD-110,7,2000.00
ITEM-10958,ORD-00388,PRD-109,5,600.00
ITEM-10959,ORD-00389,PRD-106,4,800.00
ITEM-10960,ORD-00389,PRD-120,5,3000.00
ITEM-10961,ORD-00389,PRD-101,2,2500.00
ITEM-10962,ORD-00389,PRD-105,4,650.00
ITEM-10963,ORD-00390,PRD-101,7,2500.00
ITEM-10964,ORD-00391,PRD-113,5,500.00
ITEM-10965,ORD-00392,PRD-105,3,650.00
ITEM-10966,ORD-00392,PRD-117,1,350.00
ITEM-10967,ORD-00393,PRD-115,3,220.00
ITEM-10968,ORD-00393,PRD-118,9,1200.00
ITEM-10969,ORD-00393,PRD-109,3,600.00
ITEM-10970,ORD-00393,PRD-120,10,3000.00
ITEM-10971,ORD-00394,PRD-117,8,350.00
ITEM-10972,ORD-00394,PRD-118,9,1200.00
ITEM-10973,ORD-00394,PRD-110,4,2000.00
ITEM-10974,ORD-00394,PRD-112,2,80.00
ITEM-10975,ORD-00395,PRD-101,3,2500.00
ITEM-10976,ORD-00395,PRD-120,6,3000.00
ITEM-10977,ORD-00395,PRD-117,5,350.00
ITEM-10978,ORD-00396,PRD-110,10,2000.00
ITEM-10979,ORD-00396,PRD-101,4,2500.00
ITEM-10980,ORD-00396,PRD-114,1,120.00
ITEM-10981,ORD-00396,PRD-120,9,3000.00
ITEM-10982,ORD-00397,PRD-108,4,1500.00
ITEM-10983,ORD-00397,PRD-106,5,800.00
ITEM-10984,ORD-00397,PRD-113,2,500.00
ITEM-10985,ORD-00397,PRD-118,7,1200.00
ITEM-10986,ORD-00398,PRD-110,7,2000.00
ITEM-10987,ORD-00398,PRD-118,4,1200.00
ITEM-10988,ORD-00398,PRD-109,2,600.00
ITEM-10989,ORD-00399,PRD-109,1,600.00
ITEM-10990,ORD-00399,PRD-116,3,1000.00
ITEM-10991,ORD-00399,PRD-107,1,400.00
ITEM-10992,ORD-00399,PRD-111,9,150.00
ITEM-10993,ORD-00400,PRD-101,1,2500.00
ITEM-10994,ORD-00400,PRD-108,8,1500.00
ITEM-10995,ORD-00400,PRD-103,4,450.00
ITEM-10996,ORD-00400,PRD-105,6,650.00
ITEM-10997,ORD-00401,PRD-111,2,150.00
ITEM-10998,ORD-00402,PRD-106,1,800.00
ITEM-10999,ORD-00402,PRD-107,2,400.00
ITEM-11000,ORD-00402,PRD-109,4,600.00
ITEM-11001,ORD-00402,PRD-113,7,500.00
ITEM-11002,ORD-00403,PRD-104,7,300.00
ITEM-11003,ORD-00403,PRD-117,5,350.00
ITEM-11004,ORD-00403,PRD-107,6,400.00
ITEM-11005,ORD-00403,PRD-116,3,1000.00
ITEM-11006,ORD-00404,PRD-107,4,400.00
ITEM-11007,ORD-00404,PRD-112,2,80.00
ITEM-11008,ORD-00404,PRD-102,4,1200.00
ITEM-11009,ORD-00405,PRD-113,4,500.00
ITEM-11010,ORD-00406,PRD-112,4,80.00
ITEM-11011,ORD-00406,PRD-103,3,450.00
ITEM-11012,ORD-00407,PRD-102,6,1200.00
ITEM-11013,ORD-00408,PRD-108,8,1500.00
ITEM-11014,ORD-00408,PRD-111,4,150.00
ITEM-11015,ORD-00408,PRD-118,1,1200.00
ITEM-11016,ORD-00408,PRD-112,7,80.00
ITEM-11017,ORD-00409,PRD-118,4,1200.00
ITEM-11018,ORD-00409,PRD-110,10,2000.00
ITEM-11019,ORD-00409,PRD-120,3,3000.00
ITEM-11020,ORD-00409,PRD-116,9,1000.00
ITEM-11021,ORD-00410,PRD-103,3,450.00
ITEM-11022,ORD-00410,PRD-117,8,350.00
ITEM-11023,ORD-00411,PRD-106,6,800.00
ITEM-11024,ORD-00411,PRD-101,2,2500.00
ITEM-11025,ORD-00411,PRD-112,9,80.00
ITEM-11026,ORD-00411,PRD-108,7,1500.00
ITEM-11027,ORD-00412,PRD-120,6,3000.00
ITEM-11028,ORD-00412,PRD-110,7,2000.00
ITEM-11029,ORD-00413,PRD-105,3,650.00
ITEM-11030,ORD-00414,PRD-119,7,2500.00
ITEM-11031,ORD-00415,PRD-112,4,80.00
ITEM-11032,ORD-00416,PRD-102,6,1200.00
ITEM-11033,ORD-00416,PRD-112,1,80.00
ITEM-11034,ORD-00416,PRD-118,10,1200.00
ITEM-11035,ORD-00416,PRD-114,5,120.00
ITEM-11036,ORD-00417,PRD-107,9,400.00
ITEM-11037,ORD-00418,PRD-107,4,400.00
ITEM-11038,ORD-00418,PRD-117,10,350.00
ITEM-11039,ORD-00419,PRD-119,6,2500.00
ITEM-11040,ORD-00420,PRD-106,7,800.00
ITEM-11041,ORD-00420,PRD-118,9,1200.00
ITEM-11042,ORD-00421,PRD-112,6,80.00
ITEM-11043,ORD-00421,PRD-111,7,150.00
ITEM-11044,ORD-00421,PRD-118,7,1200.00
ITEM-11045,ORD-00421,PRD-119,6,2500.00
ITEM-11046,ORD-00422,PRD-112,7,80.00
ITEM-11047,ORD-00422,PRD-115,1,220.00
ITEM-11048,ORD-00422,PRD-119,1,2500.00
ITEM-11049,ORD-00423,PRD-110,4,2000.00
ITEM-11050,ORD-00424,PRD-118,10,1200.00
ITEM-11051,ORD-00424,PRD-117,10,350.00
ITEM-11052,ORD-00424,PRD-120,3,3000.00
ITEM-11053,ORD-00425,PRD-112,4,80.00
ITEM-11054,ORD-00425,PRD-119,5,2500.00
ITEM-11055,ORD-00425,PRD-108,5,1500.00
ITEM-11056,ORD-00426,PRD-111,8,150.00
ITEM-11057,ORD-00427,PRD-102,2,1200.00
ITEM-11058,ORD-00427,PRD-119,1,2500.00
ITEM-11059,ORD-00427,PRD-113,6,500.00
ITEM-11060,ORD-00428,PRD-120,7,3000.00
ITEM-11061,ORD-00428,PRD-101,1,2500.00
ITEM-11062,ORD-00429,PRD-111,4,150.00
ITEM-11063,ORD-00429,PRD-117,3,350.00
ITEM-11064,ORD-00430,PRD-108,7,1500.00
ITEM-11065,ORD-00431,PRD-119,5,2500.00
ITEM-11066,ORD-00431,PRD-102,2,1200.00
ITEM-11067,ORD-00431,PRD-118,7,1200.00
ITEM-11068,ORD-00431,PRD-113,9,500.00
ITEM-11069,ORD-00432,PRD-116,10,1000.00
ITEM-11070,ORD-00432,PRD-113,4,500.00
ITEM-11071,ORD-00433,PRD-109,7,600.00
ITEM-11072,ORD-00434,PRD-114,6,120.00
ITEM-11073,ORD-00434,PRD-112,6,80.00
ITEM-11074,ORD-00434,PRD-119,10,2500.00
ITEM-11075,ORD-00434,PRD-107,1,400.00
ITEM-11076,ORD-00435,PRD-115,4,220.00
ITEM-11077,ORD-00435,PRD-102,4,1200.00
ITEM-11078,ORD-00436,PRD-108,10,1500.00
ITEM-11079,ORD-00437,PRD-115,6,220.00
ITEM-11080,ORD-00437,PRD-116,4,1000.00
ITEM-11081,ORD-00437,PRD-101,9,2500.00
ITEM-11082,ORD-00438,PRD-120,10,3000.00
ITEM-11083,ORD-00438,PRD-105,9,650.00
ITEM-11084,ORD-00438,PRD-101,1,2500.00
ITEM-11085,ORD-00438,PRD-113,5,500.00
ITEM-11086,ORD-00439,PRD-102,2,1200.00
ITEM-11087,ORD-00439,PRD-115,7,220.00
ITEM-11088,ORD-00439,PRD-101,5,2500.00
ITEM-11089,ORD-00440,PRD-108,6,1500.00
ITEM-11090,ORD-00440,PRD-113,8,500.00
ITEM-11091,ORD-00440,PRD-117,10,350.00
ITEM-11092,ORD-00440,PRD-104,9,300.00
ITEM-11093,ORD-00441,PRD-102,4,1200.00
ITEM-11094,ORD-00442,PRD-101,6,2500.00
ITEM-11095,ORD-00442,PRD-112,6,80.00
ITEM-11096,ORD-00443,PRD-113,5,500.00
ITEM-11097,ORD-00443,PRD-101,4,2500.00
ITEM-11098,ORD-00443,PRD-118,3,1200.00
ITEM-11099,ORD-00444,PRD-117,10,350.00
ITEM-11100,ORD-00444,PRD-108,3,1500.00
ITEM-11101,ORD-00444,PRD-114,7,120.00
ITEM-11102,ORD-00444,PRD-119,5,2500.00
ITEM-11103,ORD-00445,PRD-119,4,2500.00
ITEM-11104,ORD-00445,PRD-118,3,1200.00
ITEM-11105,ORD-00446,PRD-105,2,650.00
ITEM-11106,ORD-00446,PRD-119,9,2500.00
ITEM-11107,ORD-00446,PRD-106,9,800.00
ITEM-11108,ORD-00446,PRD-111,2,150.00
ITEM-11109,ORD-00447,PRD-114,3,120.00
ITEM-11110,ORD-00447,PRD-110,4,2000.00
ITEM-11111,ORD-00447,PRD-115,2,220.00
ITEM-11112,ORD-00447,PRD-109,3,600.00
ITEM-11113,ORD-00448,PRD-120,4,3000.00
ITEM-11114,ORD-00448,PRD-108,1,1500.00
ITEM-11115,ORD-00449,PRD-112,8,80.00
ITEM-11116,ORD-00449,PRD-106,3,800.00
ITEM-11117,ORD-00449,PRD-113,3,500.00
ITEM-11118,ORD-00449,PRD-116,4,1000.00
ITEM-11119,ORD-00450,PRD-114,4,120.00
ITEM-11120,ORD-00450,PRD-108,2,1500.00
ITEM-11121,ORD-00450,PRD-107,3,400.00
ITEM-11122,ORD-00451,PRD-114,1,120.00
ITEM-11123,ORD-00451,PRD-113,10,500.00
ITEM-11124,ORD-00452,PRD-117,2,350.00
ITEM-11125,ORD-00453,PRD-102,1,1200.00
ITEM-11126,ORD-00453,PRD-118,4,1200.00
ITEM-11127,ORD-00453,PRD-113,5,500.00
ITEM-11128,ORD-00453,PRD-117,8,350.00
ITEM-11129,ORD-00454,PRD-120,3,3000.00
ITEM-11130,ORD-00454,PRD-102,8,1200.00
ITEM-11131,ORD-00454,PRD-117,8,350.00
ITEM-11132,ORD-00455,PRD-113,6,500.00
ITEM-11133,ORD-00455,PRD-114,8,120.00
ITEM-11134,ORD-00456,PRD-115,5,220.00
ITEM-11135,ORD-00456,PRD-103,6,450.00
ITEM-11136,ORD-00457,PRD-103,9,450.00
ITEM-11137,ORD-00457,PRD-117,10,350.00
ITEM-11138,ORD-00457,PRD-113,3,500.00
ITEM-11139,ORD-00458,PRD-119,3,2500.00
ITEM-11140,ORD-00458,PRD-105,3,650.00
ITEM-11141,ORD-00458,PRD-106,1,800.00
ITEM-11142,ORD-00459,PRD-106,4,800.00
ITEM-11143,ORD-00459,PRD-104,1,300.00
ITEM-11144,ORD-00459,PRD-105,10,650.00
ITEM-11145,ORD-00460,PRD-120,8,3000.00
ITEM-11146,ORD-00461,PRD-115,9,220.00
ITEM-11147,ORD-00461,PRD-103,5,450.00
ITEM-11148,ORD-00461,PRD-101,10,2500.00
ITEM-11149,ORD-00461,PRD-108,9,1500.00
ITEM-11150,ORD-00462,PRD-102,10,1200.00
ITEM-11151,ORD-00462,PRD-105,10,650.00
ITEM-11152,ORD-00462,PRD-120,5,3000.00
ITEM-11153,ORD-00463,PRD-110,9,2000.00
ITEM-11154,ORD-00463,PRD-119,3,2500.00
ITEM-11155,ORD-00464,PRD-111,2,150.00
ITEM-11156,ORD-00464,PRD-112,7,80.00
ITEM-11157,ORD-00464,PRD-113,9,500.00
ITEM-11158,ORD-00465,PRD-111,9,150.00
ITEM-11159,ORD-00465,PRD-117,4,350.00
ITEM-11160,ORD-00465,PRD-114,4,120.00
ITEM-11161,ORD-00466,PRD-116,10,1000.00
ITEM-11162,ORD-00467,PRD-105,9,650.00
ITEM-11163,ORD-00467,PRD-119,8,2500.00
ITEM-11164,ORD-00467,PRD-116,8,1000.00
ITEM-11165,ORD-00468,PRD-104,1,300.00
ITEM-11166,ORD-00469,PRD-114,9,120.00
ITEM-11167,ORD-00469,PRD-102,4,1200.00
ITEM-11168,ORD-00469,PRD-111,1,150.00
ITEM-11169,ORD-00469,PRD-112,4,80.00
ITEM-11170,ORD-00470,PRD-101,6,2500.00
ITEM-11171,ORD-00470,PRD-104,7,300.00
ITEM-11172,ORD-00470,PRD-111,10,150.00
ITEM-11173,ORD-00471,PRD-116,3,1000.00
ITEM-11174,ORD-00471,PRD-102,8,1200.00
ITEM-11175,ORD-00471,PRD-105,9,650.00
ITEM-11176,ORD-00471,PRD-120,6,3000.00
ITEM-11177,ORD-00472,PRD-119,9,2500.00
ITEM-11178,ORD-00472,PRD-111,1,150.00
ITEM-11179,ORD-00472,PRD-118,4,1200.00
ITEM-11180,ORD-00473,PRD-105,5,650.00
ITEM-11181,ORD-00474,PRD-106,1,800.00
ITEM-11182,ORD-00474,PRD-104,5,300.00
ITEM-11183,ORD-00474,PRD-110,7,2000.00
ITEM-11184,ORD-00474,PRD-111,2,150.00
ITEM-11185,ORD-00475,PRD-117,3,350.00
ITEM-11186,ORD-00475,PRD-110,2,2000.00
ITEM-11187,ORD-00476,PRD-116,9,1000.00
ITEM-11188,ORD-00477,PRD-111,9,150.00
ITEM-11189,ORD-00477,PRD-105,3,650.00
ITEM-11190,ORD-00477,PRD-104,4,300.00
ITEM-11191,ORD-00478,PRD-101,5,2500.00
ITEM-11192,ORD-00479,PRD-102,1,1200.00
ITEM-11193,ORD-00479,PRD-104,10,300.00
ITEM-11194,ORD-00479,PRD-117,5,350.00
ITEM-11195,ORD-00479,PRD-110,4,2000.00
ITEM-11196,ORD-00480,PRD-115,3,220.00
ITEM-11197,ORD-00480,PRD-104,3,300.00
ITEM-11198,ORD-00480,PRD-109,5,600.00
ITEM-11199,ORD-00481,PRD-118,9,1200.00
ITEM-11200,ORD-00481,PRD-112,6,80.00
ITEM-11201,ORD-00482,PRD-106,5,800.00
ITEM-11202,ORD-00482,PRD-103,10,450.00
ITEM-11203,ORD-00483,PRD-102,2,1200.00
ITEM-11204,ORD-00483,PRD-104,7,300.00
ITEM-11205,ORD-00483,PRD-113,7,500.00
ITEM-11206,ORD-00483,PRD-120,3,3000.00
ITEM-11207,ORD-00484,PRD-115,10,220.00
ITEM-11208,ORD-00485,PRD-115,4,220.00
ITEM-11209,ORD-00485,PRD-116,3,1000.00
ITEM-11210,ORD-00485,PRD-108,10,1500.00
ITEM-11211,ORD-00486,PRD-111,1,150.00
ITEM-11212,ORD-00486,PRD-115,2,220.00
ITEM-11213,ORD-00486,PRD-116,8,1000.00
ITEM-11214,ORD-00487,PRD-112,9,80.00
ITEM-11215,ORD-00487,PRD-119,2,2500.00
ITEM-11216,ORD-00487,PRD-105,7,650.00
ITEM-11217,ORD-00488,PRD-113,10,500.00
ITEM-11218,ORD-00488,PRD-119,4,2500.00
ITEM-11219,ORD-00488,PRD-114,9,120.00
ITEM-11220,ORD-00488,PRD-108,3,1500.00
ITEM-11221,ORD-00489,PRD-114,3,120.00
ITEM-11222,ORD-00489,PRD-119,2,2500.00
ITEM-11223,ORD-00489,PRD-111,10,150.00
ITEM-11224,ORD-00489,PRD-108,8,1500.00
ITEM-11225,ORD-00490,PRD-115,3,220.00
ITEM-11226,ORD-00491,PRD-111,4,150.00
ITEM-11227,ORD-00491,PRD-116,3,1000.00
ITEM-11228,ORD-00491,PRD-102,10,1200.00
ITEM-11229,ORD-00491,PRD-103,1,450.00
ITEM-11230,ORD-00492,PRD-120,4,3000.00
ITEM-11231,ORD-00492,PRD-119,6,2500.00
ITEM-11232,ORD-00492,PRD-115,5,220.00
ITEM-11233,ORD-00492,PRD-107,10,400.00
ITEM-11234,ORD-00493,PRD-119,1,2500.00
ITEM-11235,ORD-00494,PRD-118,9,1200.00
ITEM-11236,ORD-00494,PRD-102,6,1200.00
ITEM-11237,ORD-00494,PRD-101,2,2500.00
ITEM-11238,ORD-00495,PRD-111,7,150.00
ITEM-11239,ORD-00495,PRD-113,9,500.00
ITEM-11240,ORD-00495,PRD-119,4,2500.00
ITEM-11241,ORD-00495,PRD-118,3,1200.00
ITEM-11242,ORD-00496,PRD-105,1,650.00
ITEM-11243,ORD-00496,PRD-110,2,2000.00
ITEM-11244,ORD-00496,PRD-120,1,3000.00
ITEM-11245,ORD-00496,PRD-118,3,1200.00
ITEM-11246,ORD-00497,PRD-105,7,650.00
ITEM-11247,ORD-00498,PRD-115,7,220.00
ITEM-11248,ORD-00498,PRD-117,9,350.00
ITEM-11249,ORD-00499,PRD-119,8,2500.00
ITEM-11250,ORD-00500,PRD-102,6,1200.00
ITEM-11251,ORD-00500,PRD-120,2,3000.00
ITEM-11252,ORD-00500,PRD-116,10,1000.00
ITEM-11253,ORD-00501,PRD-115,9,220.00
ITEM-11254,ORD-00501,PRD-117,10,350.00
ITEM-11255,ORD-00501,PRD-103,2,450.00
ITEM-11256,ORD-00502,PRD-118,10,1200.00
ITEM-11257,ORD-00503,PRD-116,8,1000.00
ITEM-11258,ORD-00504,PRD-110,1,2000.00
ITEM-11259,ORD-00504,PRD-120,10,3000.00
ITEM-11260,ORD-00504,PRD-106,5,800.00
ITEM-11261,ORD-00505,PRD-119,5,2500.00
ITEM-11262,ORD-00505,PRD-102,10,1200.00
ITEM-11263,ORD-00506,PRD-109,5,600.00
ITEM-11264,ORD-00507,PRD-104,10,300.00
ITEM-11265,ORD-00508,PRD-106,8,800.00
ITEM-11266,ORD-00508,PRD-109,3,600.00
ITEM-11267,ORD-00508,PRD-108,9,1500.00
ITEM-11268,ORD-00509,PRD-116,7,1000.00
ITEM-11269,ORD-00509,PRD-114,4,120.00
ITEM-11270,ORD-00510,PRD-102,1,1200.00
ITEM-11271,ORD-00510,PRD-109,3,600.00
ITEM-11272,ORD-00510,PRD-104,8,300.00
ITEM-11273,ORD-00511,PRD-113,8,500.00
ITEM-11274,ORD-00511,PRD-120,5,3000.00
ITEM-11275,ORD-00512,PRD-111,9,150.00
ITEM-11276,ORD-00512,PRD-117,6,350.00
ITEM-11277,ORD-00512,PRD-102,7,1200.00
ITEM-11278,ORD-00512,PRD-104,10,300.00
ITEM-11279,ORD-00513,PRD-119,4,2500.00
ITEM-11280,ORD-00513,PRD-113,10,500.00
ITEM-11281,ORD-00513,PRD-115,4,220.00
ITEM-11282,ORD-00514,PRD-118,2,1200.00
ITEM-11283,ORD-00514,PRD-101,1,2500.00
ITEM-11284,ORD-00514,PRD-119,7,2500.00
ITEM-11285,ORD-00515,PRD-110,4,2000.00
ITEM-11286,ORD-00515,PRD-109,1,600.00
ITEM-11287,ORD-00516,PRD-120,2,3000.00
ITEM-11288,ORD-00516,PRD-104,2,300.00
ITEM-11289,ORD-00517,PRD-104,5,300.00
ITEM-11290,ORD-00517,PRD-106,5,800.00
ITEM-11291,ORD-00518,PRD-111,5,150.00
ITEM-11292,ORD-00518,PRD-109,1,600.00
ITEM-11293,ORD-00518,PRD-106,7,800.00
ITEM-11294,ORD-00518,PRD-103,7,450.00
ITEM-11295,ORD-00519,PRD-115,8,220.00
ITEM-11296,ORD-00519,PRD-103,4,450.00
ITEM-11297,ORD-00520,PRD-107,2,400.00
ITEM-11298,ORD-00520,PRD-104,1,300.00
ITEM-11299,ORD-00520,PRD-115,2,220.00
ITEM-11300,ORD-00520,PRD-109,2,600.00
ITEM-11301,ORD-00521,PRD-101,7,2500.00
ITEM-11302,ORD-00521,PRD-102,5,1200.00
ITEM-11303,ORD-00522,PRD-117,8,350.00
ITEM-11304,ORD-00523,PRD-101,8,2500.00
ITEM-11305,ORD-00523,PRD-113,2,500.00
ITEM-11306,ORD-00524,PRD-102,2,1200.00
ITEM-11307,ORD-00524,PRD-103,8,450.00
ITEM-11308,ORD-00524,PRD-112,5,80.00
ITEM-11309,ORD-00524,PRD-111,4,150.00
ITEM-11310,ORD-00525,PRD-110,2,2000.00
ITEM-11311,ORD-00525,PRD-113,6,500.00
ITEM-11312,ORD-00526,PRD-102,1,1200.00
ITEM-11313,ORD-00526,PRD-107,10,400.00
ITEM-11314,ORD-00527,PRD-116,1,1000.00
ITEM-11315,ORD-00527,PRD-118,1,1200.00
ITEM-11316,ORD-00527,PRD-115,6,220.00
ITEM-11317,ORD-00528,PRD-117,9,350.00
ITEM-11318,ORD-00528,PRD-115,3,220.00
ITEM-11319,ORD-00529,PRD-101,3,2500.00
ITEM-11320,ORD-00529,PRD-116,1,1000.00
ITEM-11321,ORD-00529,PRD-102,3,1200.00
ITEM-11322,ORD-00529,PRD-108,1,1500.00
ITEM-11323,ORD-00530,PRD-104,2,300.00
ITEM-11324,ORD-00531,PRD-111,10,150.00
ITEM-11325,ORD-00531,PRD-113,9,500.00
ITEM-11326,ORD-00531,PRD-120,3,3000.00
ITEM-11327,ORD-00531,PRD-104,6,300.00
ITEM-11328,ORD-00532,PRD-109,3,600.00
ITEM-11329,ORD-00533,PRD-108,2,1500.00
ITEM-11330,ORD-00533,PRD-119,10,2500.00
ITEM-11331,ORD-00533,PRD-102,7,1200.00
ITEM-11332,ORD-00533,PRD-105,3,650.00
ITEM-11333,ORD-00534,PRD-119,5,2500.00
ITEM-11334,ORD-00535,PRD-109,8,600.00
ITEM-11335,ORD-00535,PRD-117,7,350.00
ITEM-11336,ORD-00536,PRD-116,5,1000.00
ITEM-11337,ORD-00536,PRD-103,6,450.00
ITEM-11338,ORD-00537,PRD-120,6,3000.00
ITEM-11339,ORD-00538,PRD-109,4,600.00
ITEM-11340,ORD-00538,PRD-102,2,1200.00
ITEM-11341,ORD-00539,PRD-102,6,1200.00
ITEM-11342,ORD-00540,PRD-102,3,1200.00
ITEM-11343,ORD-00540,PRD-104,1,300.00
ITEM-11344,ORD-00540,PRD-120,8,3000.00
ITEM-11345,ORD-00540,PRD-106,9,800.00
ITEM-11346,ORD-00541,PRD-114,4,120.00
ITEM-11347,ORD-00541,PRD-107,2,400.00
ITEM-11348,ORD-00541,PRD-111,6,150.00
ITEM-11349,ORD-00542,PRD-108,1,1500.00
ITEM-11350,ORD-00542,PRD-103,7,450.00
ITEM-11351,ORD-00542,PRD-116,3,1000.00
ITEM-11352,ORD-00542,PRD-118,4,1200.00
ITEM-11353,ORD-00543,PRD-112,4,80.00
ITEM-11354,ORD-00543,PRD-109,6,600.00
ITEM-11355,ORD-00544,PRD-104,8,300.00
ITEM-11356,ORD-00544,PRD-115,7,220.00
ITEM-11357,ORD-00545,PRD-120,10,3000.00
ITEM-11358,ORD-00545,PRD-106,9,800.00
ITEM-11359,ORD-00546,PRD-119,8,2500.00
ITEM-11360,ORD-00546,PRD-116,5,1000.00
ITEM-11361,ORD-00547,PRD-114,10,120.00
ITEM-11362,ORD-00547,PRD-119,3,2500.00
ITEM-11363,ORD-00547,PRD-108,10,1500.00
ITEM-11364,ORD-00548,PRD-114,9,120.00
ITEM-11365,ORD-00549,PRD-108,7,1500.00
ITEM-11366,ORD-00549,PRD-103,4,450.00
ITEM-11367,ORD-00549,PRD-118,3,1200.00
ITEM-11368,ORD-00549,PRD-101,6,2500.00
ITEM-11369,ORD-00550,PRD-110,8,2000.00
ITEM-11370,ORD-00550,PRD-106,8,800.00
ITEM-11371,ORD-00550,PRD-115,3,220.00
ITEM-11372,ORD-00550,PRD-101,7,2500.00
ITEM-11373,ORD-00551,PRD-103,7,450.00
ITEM-11374,ORD-00552,PRD-103,1,450.00
ITEM-11375,ORD-00552,PRD-111,9,150.00
ITEM-11376,ORD-00553,PRD-112,6,80.00
ITEM-11377,ORD-00554,PRD-105,4,650.00
ITEM-11378,ORD-00554,PRD-111,9,150.00
ITEM-11379,ORD-00555,PRD-108,6,1500.00
ITEM-11380,ORD-00555,PRD-111,5,150.00
ITEM-11381,ORD-00556,PRD-112,9,80.00
ITEM-11382,ORD-00556,PRD-115,9,220.00
ITEM-11383,ORD-00556,PRD-116,2,1000.00
ITEM-11384,ORD-00557,PRD-120,8,3000.00
ITEM-11385,ORD-00557,PRD-112,2,80.00
ITEM-11386,ORD-00557,PRD-103,2,450.00
ITEM-11387,ORD-00557,PRD-107,7,400.00
ITEM-11388,ORD-00558,PRD-105,8,650.00
ITEM-11389,ORD-00559,PRD-114,8,120.00
ITEM-11390,ORD-00559,PRD-118,6,1200.00
ITEM-11391,ORD-00559,PRD-105,7,650.00
ITEM-11392,ORD-00560,PRD-108,9,1500.00
ITEM-11393,ORD-00561,PRD-116,9,1000.00
ITEM-11394,ORD-00561,PRD-119,8,2500.00
ITEM-11395,ORD-00561,PRD-117,8,350.00
ITEM-11396,ORD-00562,PRD-109,8,600.00
ITEM-11397,ORD-00562,PRD-108,6,1500.00
ITEM-11398,ORD-00563,PRD-120,9,3000.00
ITEM-11399,ORD-00563,PRD-106,5,800.00
ITEM-11400,ORD-00564,PRD-106,2,800.00
ITEM-11401,ORD-00564,PRD-108,1,1500.00
ITEM-11402,ORD-00565,PRD-107,1,400.00
ITEM-11403,ORD-00565,PRD-118,6,1200.00
ITEM-11404,ORD-00566,PRD-104,8,300.00
ITEM-11405,ORD-00566,PRD-101,3,2500.00
ITEM-11406,ORD-00566,PRD-113,8,500.00
ITEM-11407,ORD-00567,PRD-110,10,2000.00
ITEM-11408,ORD-00567,PRD-116,3,1000.00
ITEM-11409,ORD-00567,PRD-120,10,3000.00
ITEM-11410,ORD-00568,PRD-105,9,650.00
ITEM-11411,ORD-00569,PRD-112,10,80.00
ITEM-11412,ORD-00569,PRD-103,4,450.00
ITEM-11413,ORD-00569,PRD-111,10,150.00
ITEM-11414,ORD-00569,PRD-102,9,1200.00
ITEM-11415,ORD-00570,PRD-103,8,450.00
ITEM-11416,ORD-00570,PRD-117,6,350.00
ITEM-11417,ORD-00570,PRD-113,10,500.00
ITEM-11418,ORD-00570,PRD-107,10,400.00
ITEM-11419,ORD-00571,PRD-112,5,80.00
ITEM-11420,ORD-00571,PRD-113,6,500.00
ITEM-11421,ORD-00571,PRD-120,6,3000.00
ITEM-11422,ORD-00571,PRD-101,5,2500.00
ITEM-11423,ORD-00572,PRD-115,7,220.00
ITEM-11424,ORD-00572,PRD-110,3,2000.00
ITEM-11425,ORD-00572,PRD-106,10,800.00
ITEM-11426,ORD-00572,PRD-114,10,120.00
ITEM-11427,ORD-00573,PRD-103,2,450.00
ITEM-11428,ORD-00573,PRD-119,1,2500.00
ITEM-11429,ORD-00573,PRD-113,7,500.00
ITEM-11430,ORD-00574,PRD-107,7,400.00
ITEM-11431,ORD-00574,PRD-106,5,800.00
ITEM-11432,ORD-00575,PRD-116,4,1000.00
ITEM-11433,ORD-00575,PRD-118,1,1200.00
ITEM-11434,ORD-00575,PRD-115,1,220.00
ITEM-11435,ORD-00576,PRD-104,8,300.00
ITEM-11436,ORD-00576,PRD-110,4,2000.00
ITEM-11437,ORD-00576,PRD-114,1,120.00
ITEM-11438,ORD-00576,PRD-106,2,800.00
ITEM-11439,ORD-00577,PRD-119,2,2500.00
ITEM-11440,ORD-00577,PRD-114,6,120.00
ITEM-11441,ORD-00577,PRD-109,9,600.00
ITEM-11442,ORD-00577,PRD-116,10,1000.00
ITEM-11443,ORD-00578,PRD-115,3,220.00
ITEM-11444,ORD-00578,PRD-105,1,650.00
ITEM-11445,ORD-00578,PRD-112,5,80.00
ITEM-11446,ORD-00579,PRD-110,5,2000.00
ITEM-11447,ORD-00580,PRD-104,9,300.00
ITEM-11448,ORD-00580,PRD-106,6,800.00
ITEM-11449,ORD-00581,PRD-104,3,300.00
ITEM-11450,ORD-00581,PRD-118,1,1200.00
ITEM-11451,ORD-00581,PRD-112,3,80.00
ITEM-11452,ORD-00582,PRD-106,3,800.00
ITEM-11453,ORD-00582,PRD-104,9,300.00
ITEM-11454,ORD-00582,PRD-107,4,400.00
ITEM-11455,ORD-00583,PRD-114,8,120.00
ITEM-11456,ORD-00584,PRD-110,8,2000.00
ITEM-11457,ORD-00584,PRD-112,10,80.00
ITEM-11458,ORD-00584,PRD-105,9,650.00
ITEM-11459,ORD-00585,PRD-108,3,1500.00
ITEM-11460,ORD-00586,PRD-103,2,450.00
ITEM-11461,ORD-00586,PRD-114,2,120.00
ITEM-11462,ORD-00587,PRD-117,10,350.00
ITEM-11463,ORD-00588,PRD-110,1,2000.00
ITEM-11464,ORD-00589,PRD-112,2,80.00
ITEM-11465,ORD-00589,PRD-101,3,2500.00
ITEM-11466,ORD-00590,PRD-117,2,350.00
ITEM-11467,ORD-00590,PRD-119,2,2500.00
ITEM-11468,ORD-00591,PRD-106,2,800.00
ITEM-11469,ORD-00591,PRD-118,4,1200.00
ITEM-11470,ORD-00591,PRD-101,9,2500.00
ITEM-11471,ORD-00592,PRD-106,6,800.00
ITEM-11472,ORD-00593,PRD-111,2,150.00
ITEM-11473,ORD-00594,PRD-118,6,1200.00
ITEM-11474,ORD-00594,PRD-102,8,1200.00
ITEM-11475,ORD-00594,PRD-103,2,450.00
ITEM-11476,ORD-00595,PRD-108,7,1500.00
ITEM-11477,ORD-00595,PRD-118,4,1200.00
ITEM-11478,ORD-00595,PRD-114,2,120.00
ITEM-11479,ORD-00595,PRD-110,8,2000.00
ITEM-11480,ORD-00596,PRD-113,8,500.00
ITEM-11481,ORD-00597,PRD-113,2,500.00
ITEM-11482,ORD-00597,PRD-119,6,2500.00
ITEM-11483,ORD-00597,PRD-104,4,300.00
ITEM-11484,ORD-00597,PRD-106,6,800.00
ITEM-11485,ORD-00598,PRD-109,6,600.00
ITEM-11486,ORD-00598,PRD-119,8,2500.00
ITEM-11487,ORD-00598,PRD-120,10,3000.00
ITEM-11488,ORD-00598,PRD-113,7,500.00
ITEM-11489,ORD-00599,PRD-104,5,300.00
ITEM-11490,ORD-00600,PRD-104,1,300.00
ITEM-11491,ORD-00601,PRD-120,10,3000.00
ITEM-11492,ORD-00601,PRD-111,10,150.00
ITEM-11493,ORD-00601,PRD-105,2,650.00
ITEM-11494,ORD-00601,PRD-110,2,2000.00
ITEM-11495,ORD-00602,PRD-116,9,1000.00
ITEM-11496,ORD-00602,PRD-117,9,350.00
ITEM-11497,ORD-00602,PRD-109,1,600.00
ITEM-11498,ORD-00602,PRD-111,1,150.00
ITEM-11499,ORD-00603,PRD-115,9,220.00
ITEM-11500,ORD-00603,PRD-102,5,1200.00
ITEM-11501,ORD-00603,PRD-119,3,2500.00
ITEM-11502,ORD-00603,PRD-106,8,800.00
ITEM-11503,ORD-00604,PRD-119,8,2500.00
ITEM-11504,ORD-00605,PRD-117,7,350.00
ITEM-11505,ORD-00605,PRD-102,5,1200.00
ITEM-11506,ORD-00606,PRD-111,10,150.00
ITEM-11507,ORD-00606,PRD-102,1,1200.00
ITEM-11508,ORD-00606,PRD-101,3,2500.00
ITEM-11509,ORD-00607,PRD-113,6,500.00
ITEM-11510,ORD-00607,PRD-104,6,300.00
ITEM-11511,ORD-00607,PRD-114,7,120.00
ITEM-11512,ORD-00608,PRD-119,5,2500.00
ITEM-11513,ORD-00608,PRD-103,2,450.00
ITEM-11514,ORD-00608,PRD-120,6,3000.00
ITEM-11515,ORD-00609,PRD-119,1,2500.00
ITEM-11516,ORD-00609,PRD-117,8,350.00
ITEM-11517,ORD-00609,PRD-114,10,120.00
ITEM-11518,ORD-00609,PRD-109,1,600.00
ITEM-11519,ORD-00610,PRD-116,2,1000.00
ITEM-11520,ORD-00611,PRD-106,7,800.00
ITEM-11521,ORD-00611,PRD-110,4,2000.00
ITEM-11522,ORD-00611,PRD-112,8,80.00
ITEM-11523,ORD-00612,PRD-119,10,2500.00
ITEM-11524,ORD-00612,PRD-113,2,500.00
ITEM-11525,ORD-00612,PRD-108,10,1500.00
ITEM-11526,ORD-00613,PRD-114,5,120.00
ITEM-11527,ORD-00613,PRD-107,9,400.00
ITEM-11528,ORD-00613,PRD-112,5,80.00
ITEM-11529,ORD-00613,PRD-103,7,450.00
ITEM-11530,ORD-00614,PRD-118,3,1200.00
ITEM-11531,ORD-00614,PRD-106,10,800.00
ITEM-11532,ORD-00614,PRD-101,8,2500.00
ITEM-11533,ORD-00614,PRD-117,4,350.00
ITEM-11534,ORD-00615,PRD-119,6,2500.00
ITEM-11535,ORD-00615,PRD-102,8,1200.00
ITEM-11536,ORD-00615,PRD-117,3,350.00
ITEM-11537,ORD-00615,PRD-107,4,400.00
ITEM-11538,ORD-00616,PRD-103,5,450.00
ITEM-11539,ORD-00616,PRD-107,5,400.00
ITEM-11540,ORD-00616,PRD-114,3,120.00
ITEM-11541,ORD-00617,PRD-105,4,650.00
ITEM-11542,ORD-00618,PRD-114,5,120.00
ITEM-11543,ORD-00618,PRD-102,3,1200.00
ITEM-11544,ORD-00618,PRD-107,1,400.00
ITEM-11545,ORD-00618,PRD-106,5,800.00
ITEM-11546,ORD-00619,PRD-101,10,2500.00
ITEM-11547,ORD-00619,PRD-102,5,1200.00
ITEM-11548,ORD-00619,PRD-103,2,450.00
ITEM-11549,ORD-00619,PRD-111,7,150.00
ITEM-11550,ORD-00620,PRD-108,10,1500.00
ITEM-11551,ORD-00620,PRD-104,9,300.00
ITEM-11552,ORD-00621,PRD-116,10,1000.00
ITEM-11553,ORD-00621,PRD-103,2,450.00
ITEM-11554,ORD-00621,PRD-108,6,1500.00
ITEM-11555,ORD-00622,PRD-114,3,120.00
ITEM-11556,ORD-00622,PRD-107,2,400.00
ITEM-11557,ORD-00623,PRD-116,9,1000.00
ITEM-11558,ORD-00624,PRD-108,8,1500.00
ITEM-11559,ORD-00624,PRD-109,6,600.00
ITEM-11560,ORD-00624,PRD-105,5,650.00
ITEM-11561,ORD-00624,PRD-112,1,80.00
ITEM-11562,ORD-00625,PRD-109,7,600.00
ITEM-11563,ORD-00625,PRD-118,5,1200.00
ITEM-11564,ORD-00626,PRD-113,5,500.00
ITEM-11565,ORD-00626,PRD-101,2,2500.00
ITEM-11566,ORD-00626,PRD-120,4,3000.00
ITEM-11567,ORD-00626,PRD-109,5,600.00
ITEM-11568,ORD-00627,PRD-102,8,1200.00
ITEM-11569,ORD-00627,PRD-109,7,600.00
ITEM-11570,ORD-00627,PRD-103,6,450.00
ITEM-11571,ORD-00627,PRD-116,7,1000.00
ITEM-11572,ORD-00628,PRD-114,8,120.00
ITEM-11573,ORD-00628,PRD-118,1,1200.00
ITEM-11574,ORD-00628,PRD-111,1,150.00
ITEM-11575,ORD-00629,PRD-113,4,500.00
ITEM-11576,ORD-00630,PRD-117,10,350.00
ITEM-11577,ORD-00630,PRD-105,7,650.00
ITEM-11578,ORD-00631,PRD-106,5,800.00
ITEM-11579,ORD-00631,PRD-119,4,2500.00
ITEM-11580,ORD-00631,PRD-111,2,150.00
ITEM-11581,ORD-00632,PRD-101,9,2500.00
ITEM-11582,ORD-00632,PRD-120,10,3000.00
ITEM-11583,ORD-00633,PRD-102,10,1200.00
ITEM-11584,ORD-00633,PRD-113,7,500.00
ITEM-11585,ORD-00634,PRD-101,9,2500.00
ITEM-11586,ORD-00635,PRD-107,5,400.00
ITEM-11587,ORD-00635,PRD-109,8,600.00
ITEM-11588,ORD-00636,PRD-110,7,2000.00
ITEM-11589,ORD-00636,PRD-107,3,400.00
ITEM-11590,ORD-00637,PRD-120,4,3000.00
ITEM-11591,ORD-00637,PRD-115,6,220.00
ITEM-11592,ORD-00638,PRD-105,7,650.00
ITEM-11593,ORD-00638,PRD-111,7,150.00
ITEM-11594,ORD-00638,PRD-113,10,500.00
ITEM-11595,ORD-00638,PRD-107,5,400.00
ITEM-11596,ORD-00639,PRD-116,10,1000.00
ITEM-11597,ORD-00639,PRD-112,10,80.00
ITEM-11598,ORD-00640,PRD-113,9,500.00
ITEM-11599,ORD-00640,PRD-112,1,80.00
ITEM-11600,ORD-00640,PRD-105,10,650.00
ITEM-11601,ORD-00641,PRD-105,7,650.00
ITEM-11602,ORD-00641,PRD-103,3,450.00
ITEM-11603,ORD-00641,PRD-111,5,150.00
ITEM-11604,ORD-00641,PRD-117,2,350.00
ITEM-11605,ORD-00642,PRD-114,10,120.00
ITEM-11606,ORD-00642,PRD-110,5,2000.00
ITEM-11607,ORD-00642,PRD-109,9,600.00
ITEM-11608,ORD-00643,PRD-118,1,1200.00
ITEM-11609,ORD-00643,PRD-115,4,220.00
ITEM-11610,ORD-00644,PRD-106,2,800.00
ITEM-11611,ORD-00644,PRD-115,8,220.00
ITEM-11612,ORD-00644,PRD-114,1,120.00
ITEM-11613,ORD-00645,PRD-104,2,300.00
ITEM-11614,ORD-00645,PRD-105,4,650.00
ITEM-11615,ORD-00645,PRD-120,5,3000.00
ITEM-11616,ORD-00645,PRD-112,3,80.00
ITEM-11617,ORD-00646,PRD-119,9,2500.00
ITEM-11618,ORD-00646,PRD-101,10,2500.00
ITEM-11619,ORD-00647,PRD-111,1,150.00
ITEM-11620,ORD-00648,PRD-111,3,150.00
ITEM-11621,ORD-00649,PRD-115,1,220.00
ITEM-11622,ORD-00649,PRD-109,10,600.00
ITEM-11623,ORD-00649,PRD-101,8,2500.00
ITEM-11624,ORD-00649,PRD-111,6,150.00
ITEM-11625,ORD-00650,PRD-111,9,150.00
ITEM-11626,ORD-00650,PRD-102,10,1200.00
ITEM-11627,ORD-00650,PRD-103,7,450.00
ITEM-11628,ORD-00651,PRD-101,4,2500.00
ITEM-11629,ORD-00652,PRD-104,8,300.00
ITEM-11630,ORD-00652,PRD-110,7,2000.00
ITEM-11631,ORD-00653,PRD-112,9,80.00
ITEM-11632,ORD-00654,PRD-119,7,2500.00
ITEM-11633,ORD-00654,PRD-114,6,120.00
ITEM-11634,ORD-00654,PRD-103,10,450.00
ITEM-11635,ORD-00655,PRD-115,8,220.00
ITEM-11636,ORD-00655,PRD-108,9,1500.00
ITEM-11637,ORD-00655,PRD-105,9,650.00
ITEM-11638,ORD-00656,PRD-105,4,650.00
ITEM-11639,ORD-00656,PRD-120,9,3000.00
ITEM-11640,ORD-00656,PRD-110,7,2000.00
ITEM-11641,ORD-00657,PRD-117,7,350.00
ITEM-11642,ORD-00658,PRD-112,9,80.00
ITEM-11643,ORD-00658,PRD-109,1,600.00
ITEM-11644,ORD-00658,PRD-103,2,450.00
ITEM-11645,ORD-00659,PRD-114,5,120.00
ITEM-11646,ORD-00660,PRD-120,4,3000.00
ITEM-11647,ORD-00660,PRD-109,3,600.00
ITEM-11648,ORD-00660,PRD-111,2,150.00
ITEM-11649,ORD-00660,PRD-106,10,800.00
ITEM-11650,ORD-00661,PRD-113,2,500.00
ITEM-11651,ORD-00662,PRD-120,7,3000.00
ITEM-11652,ORD-00662,PRD-116,5,1000.00
ITEM-11653,ORD-00662,PRD-110,2,2000.00
ITEM-11654,ORD-00662,PRD-112,3,80.00
ITEM-11655,ORD-00663,PRD-101,8,2500.00
ITEM-11656,ORD-00663,PRD-107,3,400.00
ITEM-11657,ORD-00664,PRD-103,8,450.00
ITEM-11658,ORD-00664,PRD-110,3,2000.00
ITEM-11659,ORD-00665,PRD-116,10,1000.00
ITEM-11660,ORD-00665,PRD-120,4,3000.00
ITEM-11661,ORD-00665,PRD-101,4,2500.00
ITEM-11662,ORD-00665,PRD-115,5,220.00
ITEM-11663,ORD-00666,PRD-114,1,120.00
ITEM-11664,ORD-00666,PRD-116,8,1000.00
ITEM-11665,ORD-00666,PRD-118,7,1200.00
ITEM-11666,ORD-00666,PRD-110,8,2000.00
ITEM-11667,ORD-00667,PRD-108,7,1500.00
ITEM-11668,ORD-00667,PRD-102,10,1200.00
ITEM-11669,ORD-00667,PRD-117,6,350.00
ITEM-11670,ORD-00667,PRD-101,9,2500.00
ITEM-11671,ORD-00668,PRD-116,10,1000.00
ITEM-11672,ORD-00669,PRD-107,8,400.00
ITEM-11673,ORD-00669,PRD-116,4,1000.00
ITEM-11674,ORD-00669,PRD-112,9,80.00
ITEM-11675,ORD-00670,PRD-105,6,650.00
ITEM-11676,ORD-00670,PRD-110,8,2000.00
ITEM-11677,ORD-00670,PRD-113,3,500.00
ITEM-11678,ORD-00670,PRD-114,10,120.00
ITEM-11679,ORD-00671,PRD-105,10,650.00
ITEM-11680,ORD-00671,PRD-106,8,800.00
ITEM-11681,ORD-00671,PRD-107,2,400.00
ITEM-11682,ORD-00671,PRD-119,7,2500.00
ITEM-11683,ORD-00672,PRD-112,5,80.00
ITEM-11684,ORD-00673,PRD-103,6,450.00
ITEM-11685,ORD-00674,PRD-116,6,1000.00
ITEM-11686,ORD-00674,PRD-109,6,600.00
ITEM-11687,ORD-00675,PRD-102,8,1200.00
ITEM-11688,ORD-00676,PRD-118,1,1200.00
ITEM-11689,ORD-00677,PRD-106,9,800.00
ITEM-11690,ORD-00677,PRD-110,8,2000.00
ITEM-11691,ORD-00677,PRD-115,2,220.00
ITEM-11692,ORD-00678,PRD-107,8,400.00
ITEM-11693,ORD-00679,PRD-110,2,2000.00
ITEM-11694,ORD-00679,PRD-117,5,350.00
ITEM-11695,ORD-00679,PRD-106,6,800.00
ITEM-11696,ORD-00680,PRD-108,7,1500.00
ITEM-11697,ORD-00680,PRD-105,8,650.00
ITEM-11698,ORD-00680,PRD-114,9,120.00
ITEM-11699,ORD-00680,PRD-118,6,1200.00
ITEM-11700,ORD-00681,PRD-103,6,450.00
ITEM-11701,ORD-00682,PRD-105,10,650.00
ITEM-11702,ORD-00683,PRD-114,5,120.00
ITEM-11703,ORD-00683,PRD-113,6,500.00
ITEM-11704,ORD-00683,PRD-118,6,1200.00
ITEM-11705,ORD-00684,PRD-115,6,220.00
ITEM-11706,ORD-00684,PRD-107,7,400.00
ITEM-11707,ORD-00684,PRD-118,4,1200.00
ITEM-11708,ORD-00684,PRD-120,5,3000.00
ITEM-11709,ORD-00685,PRD-117,5,350.00
ITEM-11710,ORD-00685,PRD-118,4,1200.00
ITEM-11711,ORD-00686,PRD-101,9,2500.00
ITEM-11712,ORD-00686,PRD-120,10,3000.00
ITEM-11713,ORD-00687,PRD-102,6,1200.00
ITEM-11714,ORD-00688,PRD-115,5,220.00
ITEM-11715,ORD-00689,PRD-112,5,80.00
ITEM-11716,ORD-00689,PRD-110,10,2000.00
ITEM-11717,ORD-00690,PRD-117,6,350.00
ITEM-11718,ORD-00690,PRD-119,8,2500.00
ITEM-11719,ORD-00690,PRD-107,2,400.00
ITEM-11720,ORD-00691,PRD-105,2,650.00
ITEM-11721,ORD-00691,PRD-116,6,1000.00
ITEM-11722,ORD-00691,PRD-107,9,400.00
ITEM-11723,ORD-00691,PRD-115,7,220.00
ITEM-11724,ORD-00692,PRD-114,3,120.00
ITEM-11725,ORD-00692,PRD-115,3,220.00
ITEM-11726,ORD-00692,PRD-116,9,1000.00
ITEM-11727,ORD-00692,PRD-120,3,3000.00
ITEM-11728,ORD-00693,PRD-107,8,400.00
ITEM-11729,ORD-00694,PRD-104,2,300.00
ITEM-11730,ORD-00694,PRD-114,6,120.00
ITEM-11731,ORD-00694,PRD-120,10,3000.00
ITEM-11732,ORD-00695,PRD-112,8,80.00
ITEM-11733,ORD-00695,PRD-110,1,2000.00
ITEM-11734,ORD-00695,PRD-119,3,2500.00
ITEM-11735,ORD-00696,PRD-107,1,400.00
ITEM-11736,ORD-00696,PRD-106,2,800.00
ITEM-11737,ORD-00696,PRD-116,9,1000.00
ITEM-11738,ORD-00697,PRD-119,7,2500.00
ITEM-11739,ORD-00697,PRD-115,8,220.00
ITEM-11740,ORD-00697,PRD-111,10,150.00
ITEM-11741,ORD-00698,PRD-105,7,650.00
ITEM-11742,ORD-00698,PRD-111,4,150.00
ITEM-11743,ORD-00698,PRD-103,7,450.00
ITEM-11744,ORD-00698,PRD-114,6,120.00
ITEM-11745,ORD-00699,PRD-103,10,450.00
ITEM-11746,ORD-00699,PRD-106,5,800.00
ITEM-11747,ORD-00699,PRD-101,9,2500.00
ITEM-11748,ORD-00700,PRD-119,9,2500.00
ITEM-11749,ORD-00701,PRD-101,4,2500.00
ITEM-11750,ORD-00701,PRD-109,4,600.00
ITEM-11751,ORD-00702,PRD-113,8,500.00
ITEM-11752,ORD-00702,PRD-119,1,2500.00
ITEM-11753,ORD-00702,PRD-102,6,1200.00
ITEM-11754,ORD-00703,PRD-113,2,500.00
ITEM-11755,ORD-00703,PRD-109,2,600.00
ITEM-11756,ORD-00703,PRD-103,9,450.00
ITEM-11757,ORD-00704,PRD-110,3,2000.00
ITEM-11758,ORD-00704,PRD-114,1,120.00
ITEM-11759,ORD-00705,PRD-104,6,300.00
ITEM-11760,ORD-00705,PRD-111,5,150.00
ITEM-11761,ORD-00705,PRD-105,7,650.00
ITEM-11762,ORD-00705,PRD-114,2,120.00
ITEM-11763,ORD-00706,PRD-116,9,1000.00
ITEM-11764,ORD-00706,PRD-117,7,350.00
ITEM-11765,ORD-00707,PRD-103,4,450.00
ITEM-11766,ORD-00707,PRD-116,1,1000.00
ITEM-11767,ORD-00707,PRD-101,5,2500.00
ITEM-11768,ORD-00707,PRD-114,9,120.00
ITEM-11769,ORD-00708,PRD-119,2,2500.00
ITEM-11770,ORD-00708,PRD-114,9,120.00
ITEM-11771,ORD-00708,PRD-115,4,220.00
ITEM-11772,ORD-00709,PRD-118,8,1200.00
ITEM-11773,ORD-00709,PRD-115,10,220.00
ITEM-11774,ORD-00709,PRD-102,5,1200.00
ITEM-11775,ORD-00709,PRD-101,3,2500.00
ITEM-11776,ORD-00710,PRD-112,1,80.00
ITEM-11777,ORD-00710,PRD-107,3,400.00
ITEM-11778,ORD-00710,PRD-117,9,350.00
ITEM-11779,ORD-00710,PRD-110,10,2000.00
ITEM-11780,ORD-00711,PRD-118,7,1200.00
ITEM-11781,ORD-00711,PRD-109,4,600.00
ITEM-11782,ORD-00712,PRD-115,6,220.00
ITEM-11783,ORD-00712,PRD-109,6,600.00
ITEM-11784,ORD-00712,PRD-108,4,1500.00
ITEM-11785,ORD-00713,PRD-101,1,2500.00
ITEM-11786,ORD-00713,PRD-116,1,1000.00
ITEM-11787,ORD-00714,PRD-113,9,500.00
ITEM-11788,ORD-00714,PRD-118,1,1200.00
ITEM-11789,ORD-00714,PRD-103,8,450.00
ITEM-11790,ORD-00714,PRD-119,2,2500.00
ITEM-11791,ORD-00715,PRD-104,8,300.00
ITEM-11792,ORD-00716,PRD-109,6,600.00
ITEM-11793,ORD-00717,PRD-108,6,1500.00
ITEM-11794,ORD-00717,PRD-116,1,1000.00
ITEM-11795,ORD-00718,PRD-107,7,400.00
ITEM-11796,ORD-00719,PRD-119,3,2500.00
ITEM-11797,ORD-00719,PRD-120,2,3000.00
ITEM-11798,ORD-00720,PRD-117,4,350.00
ITEM-11799,ORD-00720,PRD-109,1,600.00
ITEM-11800,ORD-00721,PRD-114,1,120.00
ITEM-11801,ORD-00722,PRD-116,4,1000.00
ITEM-11802,ORD-00722,PRD-112,1,80.00
ITEM-11803,ORD-00722,PRD-117,5,350.00
ITEM-11804,ORD-00722,PRD-102,7,1200.00
ITEM-11805,ORD-00723,PRD-103,4,450.00
ITEM-11806,ORD-00723,PRD-119,7,2500.00
ITEM-11807,ORD-00723,PRD-101,2,2500.00
ITEM-11808,ORD-00724,PRD-101,8,2500.00
ITEM-11809,ORD-00725,PRD-108,4,1500.00
ITEM-11810,ORD-00725,PRD-104,6,300.00
ITEM-11811,ORD-00725,PRD-116,1,1000.00
ITEM-11812,ORD-00726,PRD-104,1,300.00
ITEM-11813,ORD-00726,PRD-115,1,220.00
ITEM-11814,ORD-00726,PRD-120,7,3000.00
ITEM-11815,ORD-00726,PRD-103,6,450.00
ITEM-11816,ORD-00727,PRD-110,10,2000.00
ITEM-11817,ORD-00728,PRD-110,7,2000.00
ITEM-11818,ORD-00729,PRD-115,7,220.00
ITEM-11819,ORD-00730,PRD-115,9,220.00
ITEM-11820,ORD-00731,PRD-119,4,2500.00
ITEM-11821,ORD-00732,PRD-116,3,1000.00
ITEM-11822,ORD-00732,PRD-115,1,220.00
ITEM-11823,ORD-00732,PRD-106,1,800.00
ITEM-11824,ORD-00732,PRD-108,3,1500.00
ITEM-11825,ORD-00733,PRD-110,3,2000.00
ITEM-11826,ORD-00733,PRD-119,3,2500.00
ITEM-11827,ORD-00733,PRD-118,8,1200.00
ITEM-11828,ORD-00734,PRD-102,9,1200.00
ITEM-11829,ORD-00734,PRD-108,9,1500.00
ITEM-11830,ORD-00735,PRD-103,4,450.00
ITEM-11831,ORD-00735,PRD-111,8,150.00
ITEM-11832,ORD-00736,PRD-120,6,3000.00
ITEM-11833,ORD-00736,PRD-110,3,2000.00
ITEM-11834,ORD-00736,PRD-114,2,120.00
ITEM-11835,ORD-00737,PRD-108,10,1500.00
ITEM-11836,ORD-00737,PRD-115,4,220.00
ITEM-11837,ORD-00738,PRD-107,6,400.00
ITEM-11838,ORD-00738,PRD-113,1,500.00
ITEM-11839,ORD-00738,PRD-106,2,800.00
ITEM-11840,ORD-00738,PRD-101,6,2500.00
ITEM-11841,ORD-00739,PRD-119,1,2500.00
ITEM-11842,ORD-00739,PRD-112,1,80.00
ITEM-11843,ORD-00740,PRD-111,4,150.00
ITEM-11844,ORD-00740,PRD-118,3,1200.00
ITEM-11845,ORD-00741,PRD-105,7,650.00
ITEM-11846,ORD-00742,PRD-112,10,80.00
ITEM-11847,ORD-00742,PRD-106,7,800.00
ITEM-11848,ORD-00742,PRD-117,2,350.00
ITEM-11849,ORD-00743,PRD-112,1,80.00
ITEM-11850,ORD-00743,PRD-111,10,150.00
ITEM-11851,ORD-00743,PRD-114,10,120.00
ITEM-11852,ORD-00743,PRD-108,4,1500.00
ITEM-11853,ORD-00744,PRD-105,4,650.00
ITEM-11854,ORD-00744,PRD-117,2,350.00
ITEM-11855,ORD-00744,PRD-116,8,1000.00
ITEM-11856,ORD-00745,PRD-116,3,1000.00
ITEM-11857,ORD-00745,PRD-117,6,350.00
ITEM-11858,ORD-00745,PRD-115,6,220.00
ITEM-11859,ORD-00746,PRD-109,4,600.00
ITEM-11860,ORD-00746,PRD-119,4,2500.00
ITEM-11861,ORD-00746,PRD-113,4,500.00
ITEM-11862,ORD-00746,PRD-102,8,1200.00
ITEM-11863,ORD-00747,PRD-112,9,80.00
ITEM-11864,ORD-00747,PRD-109,2,600.00
ITEM-11865,ORD-00748,PRD-119,8,2500.00
ITEM-11866,ORD-00748,PRD-102,9,1200.00
ITEM-11867,ORD-00749,PRD-116,7,1000.00
ITEM-11868,ORD-00749,PRD-111,1,150.00
ITEM-11869,ORD-00749,PRD-109,3,600.00
ITEM-11870,ORD-00750,PRD-110,9,2000.00
ITEM-11871,ORD-00751,PRD-104,2,300.00
ITEM-11872,ORD-00751,PRD-120,6,3000.00
ITEM-11873,ORD-00752,PRD-109,4,600.00
ITEM-11874,ORD-00752,PRD-110,10,2000.00
ITEM-11875,ORD-00752,PRD-120,3,3000.00
ITEM-11876,ORD-00753,PRD-113,8,500.00
ITEM-11877,ORD-00753,PRD-120,9,3000.00
ITEM-11878,ORD-00753,PRD-101,3,2500.00
ITEM-11879,ORD-00754,PRD-108,8,1500.00
ITEM-11880,ORD-00754,PRD-117,6,350.00
ITEM-11881,ORD-00754,PRD-118,2,1200.00
ITEM-11882,ORD-00754,PRD-115,6,220.00
ITEM-11883,ORD-00755,PRD-118,10,1200.00
ITEM-11884,ORD-00755,PRD-101,3,2500.00
ITEM-11885,ORD-00755,PRD-112,5,80.00
ITEM-11886,ORD-00755,PRD-105,1,650.00
ITEM-11887,ORD-00756,PRD-113,10,500.00
ITEM-11888,ORD-00756,PRD-118,1,1200.00
ITEM-11889,ORD-00756,PRD-110,10,2000.00
ITEM-11890,ORD-00756,PRD-111,1,150.00
ITEM-11891,ORD-00757,PRD-113,9,500.00
ITEM-11892,ORD-00757,PRD-107,7,400.00
ITEM-11893,ORD-00757,PRD-120,4,3000.00
ITEM-11894,ORD-00757,PRD-103,8,450.00
ITEM-11895,ORD-00758,PRD-103,9,450.00
ITEM-11896,ORD-00758,PRD-106,3,800.00
ITEM-11897,ORD-00758,PRD-104,1,300.00
ITEM-11898,ORD-00759,PRD-107,9,400.00
ITEM-11899,ORD-00759,PRD-108,2,1500.00
ITEM-11900,ORD-00759,PRD-110,8,2000.00
ITEM-11901,ORD-00760,PRD-113,9,500.00
ITEM-11902,ORD-00760,PRD-106,7,800.00
ITEM-11903,ORD-00760,PRD-104,8,300.00
ITEM-11904,ORD-00760,PRD-105,2,650.00
ITEM-11905,ORD-00761,PRD-116,9,1000.00
ITEM-11906,ORD-00761,PRD-106,8,800.00
ITEM-11907,ORD-00761,PRD-110,5,2000.00
ITEM-11908,ORD-00761,PRD-107,4,400.00
ITEM-11909,ORD-00762,PRD-117,10,350.00
ITEM-11910,ORD-00762,PRD-111,8,150.00
ITEM-11911,ORD-00763,PRD-115,7,220.00
ITEM-11912,ORD-00763,PRD-112,10,80.00
ITEM-11913,ORD-00763,PRD-110,3,2000.00
ITEM-11914,ORD-00764,PRD-115,7,220.00
ITEM-11915,ORD-00764,PRD-113,1,500.00
ITEM-11916,ORD-00764,PRD-106,4,800.00
ITEM-11917,ORD-00764,PRD-104,3,300.00
ITEM-11918,ORD-00765,PRD-116,9,1000.00
ITEM-11919,ORD-00765,PRD-114,2,120.00
ITEM-11920,ORD-00766,PRD-115,9,220.00
ITEM-11921,ORD-00766,PRD-106,1,800.00
ITEM-11922,ORD-00766,PRD-109,8,600.00
ITEM-11923,ORD-00766,PRD-107,1,400.00
ITEM-11924,ORD-00767,PRD-111,1,150.00
ITEM-11925,ORD-00767,PRD-113,1,500.00
ITEM-11926,ORD-00767,PRD-107,5,400.00
ITEM-11927,ORD-00767,PRD-119,2,2500.00
ITEM-11928,ORD-00768,PRD-103,8,450.00
ITEM-11929,ORD-00768,PRD-120,3,3000.00
ITEM-11930,ORD-00768,PRD-118,8,1200.00
ITEM-11931,ORD-00768,PRD-108,5,1500.00
ITEM-11932,ORD-00769,PRD-104,3,300.00
ITEM-11933,ORD-00769,PRD-118,2,1200.00
ITEM-11934,ORD-00769,PRD-113,1,500.00
ITEM-11935,ORD-00770,PRD-118,4,1200.00
ITEM-11936,ORD-00771,PRD-113,5,500.00
ITEM-11937,ORD-00772,PRD-108,4,1500.00
ITEM-11938,ORD-00772,PRD-112,4,80.00
ITEM-11939,ORD-00773,PRD-107,2,400.00
ITEM-11940,ORD-00773,PRD-103,3,450.00
ITEM-11941,ORD-00773,PRD-108,3,1500.00
ITEM-11942,ORD-00774,PRD-118,9,1200.00
ITEM-11943,ORD-00774,PRD-107,7,400.00
ITEM-11944,ORD-00774,PRD-119,7,2500.00
ITEM-11945,ORD-00775,PRD-101,6,2500.00
ITEM-11946,ORD-00775,PRD-113,1,500.00
ITEM-11947,ORD-00776,PRD-120,2,3000.00
ITEM-11948,ORD-00776,PRD-112,4,80.00
ITEM-11949,ORD-00776,PRD-102,7,1200.00
ITEM-11950,ORD-00777,PRD-109,10,600.00
ITEM-11951,ORD-00777,PRD-104,6,300.00
ITEM-11952,ORD-00778,PRD-116,1,1000.00
ITEM-11953,ORD-00778,PRD-103,10,450.00
ITEM-11954,ORD-00778,PRD-111,10,150.00
ITEM-11955,ORD-00779,PRD-108,1,1500.00
ITEM-11956,ORD-00780,PRD-102,3,1200.00
ITEM-11957,ORD-00781,PRD-102,10,1200.00
ITEM-11958,ORD-00781,PRD-108,8,1500.00
ITEM-11959,ORD-00782,PRD-110,6,2000.00
ITEM-11960,ORD-00782,PRD-101,4,2500.00
ITEM-11961,ORD-00782,PRD-108,4,1500.00
ITEM-11962,ORD-00782,PRD-111,9,150.00
ITEM-11963,ORD-00783,PRD-120,9,3000.00
ITEM-11964,ORD-00783,PRD-113,6,500.00
ITEM-11965,ORD-00784,PRD-107,1,400.00
ITEM-11966,ORD-00785,PRD-108,2,1500.00
ITEM-11967,ORD-00785,PRD-117,7,350.00
ITEM-11968,ORD-00786,PRD-106,10,800.00
ITEM-11969,ORD-00786,PRD-108,8,1500.00
ITEM-11970,ORD-00786,PRD-110,4,2000.00
ITEM-11971,ORD-00786,PRD-118,5,1200.00
ITEM-11972,ORD-00787,PRD-115,3,220.00
ITEM-11973,ORD-00787,PRD-114,8,120.00
ITEM-11974,ORD-00787,PRD-117,1,350.00
ITEM-11975,ORD-00787,PRD-119,7,2500.00
ITEM-11976,ORD-00788,PRD-109,8,600.00
ITEM-11977,ORD-00788,PRD-113,5,500.00
ITEM-11978,ORD-00789,PRD-111,3,150.00
ITEM-11979,ORD-00790,PRD-117,6,350.00
ITEM-11980,ORD-00791,PRD-113,10,500.00
ITEM-11981,ORD-00791,PRD-116,2,1000.00
ITEM-11982,ORD-00791,PRD-110,7,2000.00
ITEM-11983,ORD-00792,PRD-114,6,120.00
ITEM-11984,ORD-00792,PRD-109,9,600.00
ITEM-11985,ORD-00793,PRD-114,1,120.00
ITEM-11986,ORD-00793,PRD-108,6,1500.00
ITEM-11987,ORD-00793,PRD-119,1,2500.00
ITEM-11988,ORD-00793,PRD-116,3,1000.00
ITEM-11989,ORD-00794,PRD-108,1,1500.00
ITEM-11990,ORD-00794,PRD-119,2,2500.00
ITEM-11991,ORD-00794,PRD-106,2,800.00
ITEM-11992,ORD-00795,PRD-114,7,120.00
ITEM-11993,ORD-00795,PRD-106,5,800.00
ITEM-11994,ORD-00796,PRD-114,10,120.00
ITEM-11995,ORD-00796,PRD-103,6,450.00
ITEM-11996,ORD-00796,PRD-104,3,300.00
ITEM-11997,ORD-00797,PRD-106,8,800.00
ITEM-11998,ORD-00798,PRD-110,6,2000.00
ITEM-11999,ORD-00798,PRD-114,3,120.00
ITEM-12000,ORD-00798,PRD-106,3,800.00
ITEM-12001,ORD-00798,PRD-118,4,1200.00
ITEM-12002,ORD-00799,PRD-106,1,800.00
ITEM-12003,ORD-00799,PRD-107,3,400.00
ITEM-12004,ORD-00800,PRD-106,2,800.00
ITEM-12005,ORD-00801,PRD-101,8,2500.00
ITEM-12006,ORD-00801,PRD-119,8,2500.00
ITEM-12007,ORD-00801,PRD-108,2,1500.00
ITEM-12008,ORD-00802,PRD-104,4,300.00
ITEM-12009,ORD-00803,PRD-116,6,1000.00
ITEM-12010,ORD-00803,PRD-111,6,150.00
ITEM-12011,ORD-00803,PRD-114,6,120.00
ITEM-12012,ORD-00803,PRD-119,4,2500.00
ITEM-12013,ORD-00804,PRD-111,8,150.00
ITEM-12014,ORD-00804,PRD-104,7,300.00
ITEM-12015,ORD-00804,PRD-101,3,2500.00
ITEM-12016,ORD-00805,PRD-112,10,80.00
ITEM-12017,ORD-00805,PRD-115,8,220.00
ITEM-12018,ORD-00806,PRD-101,6,2500.00
ITEM-12019,ORD-00806,PRD-112,8,80.00
ITEM-12020,ORD-00806,PRD-102,4,1200.00
ITEM-12021,ORD-00807,PRD-114,7,120.00
ITEM-12022,ORD-00807,PRD-116,5,1000.00
ITEM-12023,ORD-00807,PRD-104,10,300.00
ITEM-12024,ORD-00808,PRD-105,8,650.00
ITEM-12025,ORD-00809,PRD-115,8,220.00
ITEM-12026,ORD-00809,PRD-104,9,300.00
ITEM-12027,ORD-00810,PRD-104,7,300.00
ITEM-12028,ORD-00811,PRD-109,2,600.00
ITEM-12029,ORD-00811,PRD-116,3,1000.00
ITEM-12030,ORD-00812,PRD-108,6,1500.00
ITEM-12031,ORD-00812,PRD-119,7,2500.00
ITEM-12032,ORD-00812,PRD-103,7,450.00
ITEM-12033,ORD-00813,PRD-103,6,450.00
ITEM-12034,ORD-00813,PRD-104,10,300.00
ITEM-12035,ORD-00813,PRD-120,4,3000.00
ITEM-12036,ORD-00814,PRD-119,10,2500.00
ITEM-12037,ORD-00814,PRD-101,9,2500.00
ITEM-12038,ORD-00814,PRD-110,4,2000.00
ITEM-12039,ORD-00814,PRD-102,7,1200.00
ITEM-12040,ORD-00815,PRD-104,1,300.00
ITEM-12041,ORD-00815,PRD-113,9,500.00
ITEM-12042,ORD-00816,PRD-116,3,1000.00
ITEM-12043,ORD-00816,PRD-115,10,220.00
ITEM-12044,ORD-00817,PRD-120,6,3000.00
ITEM-12045,ORD-00818,PRD-107,1,400.00
ITEM-12046,ORD-00818,PRD-116,6,1000.00
ITEM-12047,ORD-00818,PRD-110,3,2000.00
ITEM-12048,ORD-00818,PRD-113,4,500.00
ITEM-12049,ORD-00819,PRD-113,9,500.00
ITEM-12050,ORD-00819,PRD-110,7,2000.00
ITEM-12051,ORD-00819,PRD-106,6,800.00
ITEM-12052,ORD-00819,PRD-101,7,2500.00
ITEM-12053,ORD-00820,PRD-110,7,2000.00
ITEM-12054,ORD-00820,PRD-107,2,400.00
ITEM-12055,ORD-00820,PRD-118,3,1200.00
ITEM-12056,ORD-00821,PRD-115,8,220.00
ITEM-12057,ORD-00821,PRD-106,8,800.00
ITEM-12058,ORD-00821,PRD-105,5,650.00
ITEM-12059,ORD-00822,PRD-112,10,80.00
ITEM-12060,ORD-00823,PRD-102,6,1200.00
ITEM-12061,ORD-00823,PRD-104,8,300.00
ITEM-12062,ORD-00824,PRD-119,7,2500.00
ITEM-12063,ORD-00824,PRD-114,4,120.00
ITEM-12064,ORD-00824,PRD-105,1,650.00
ITEM-12065,ORD-00825,PRD-113,8,500.00
ITEM-12066,ORD-00825,PRD-103,7,450.00
ITEM-12067,ORD-00826,PRD-104,2,300.00
ITEM-12068,ORD-00827,PRD-101,10,2500.00
ITEM-12069,ORD-00827,PRD-119,10,2500.00
ITEM-12070,ORD-00828,PRD-113,7,500.00
ITEM-12071,ORD-00828,PRD-116,5,1000.00
ITEM-12072,ORD-00829,PRD-113,7,500.00
ITEM-12073,ORD-00829,PRD-101,9,2500.00
ITEM-12074,ORD-00830,PRD-107,2,400.00
ITEM-12075,ORD-00831,PRD-111,10,150.00
ITEM-12076,ORD-00831,PRD-104,4,300.00
ITEM-12077,ORD-00831,PRD-102,3,1200.00
ITEM-12078,ORD-00831,PRD-105,2,650.00
ITEM-12079,ORD-00832,PRD-112,7,80.00
ITEM-12080,ORD-00832,PRD-118,1,1200.00
ITEM-12081,ORD-00832,PRD-106,4,800.00
ITEM-12082,ORD-00833,PRD-105,9,650.00
ITEM-12083,ORD-00833,PRD-119,6,2500.00
ITEM-12084,ORD-00833,PRD-116,10,1000.00
ITEM-12085,ORD-00833,PRD-111,9,150.00
ITEM-12086,ORD-00834,PRD-102,3,1200.00
ITEM-12087,ORD-00834,PRD-107,5,400.00
ITEM-12088,ORD-00835,PRD-109,2,600.00
ITEM-12089,ORD-00835,PRD-105,9,650.00
ITEM-12090,ORD-00835,PRD-114,5,120.00
ITEM-12091,ORD-00836,PRD-103,9,450.00
ITEM-12092,ORD-00836,PRD-109,4,600.00
ITEM-12093,ORD-00836,PRD-114,2,120.00
ITEM-12094,ORD-00836,PRD-105,5,650.00
ITEM-12095,ORD-00837,PRD-114,6,120.00
ITEM-12096,ORD-00837,PRD-105,7,650.00
ITEM-12097,ORD-00838,PRD-118,2,1200.00
ITEM-12098,ORD-00839,PRD-111,4,150.00
ITEM-12099,ORD-00839,PRD-109,5,600.00
ITEM-12100,ORD-00839,PRD-105,1,650.00
ITEM-12101,ORD-00840,PRD-106,9,800.00
ITEM-12102,ORD-00841,PRD-118,1,1200.00
ITEM-12103,ORD-00841,PRD-109,3,600.00
ITEM-12104,ORD-00841,PRD-104,6,300.00
ITEM-12105,ORD-00842,PRD-116,1,1000.00
ITEM-12106,ORD-00842,PRD-119,9,2500.00
ITEM-12107,ORD-00842,PRD-105,3,650.00
ITEM-12108,ORD-00842,PRD-109,3,600.00
ITEM-12109,ORD-00843,PRD-108,3,1500.00
ITEM-12110,ORD-00843,PRD-114,8,120.00
ITEM-12111,ORD-00843,PRD-115,6,220.00
ITEM-12112,ORD-00844,PRD-110,5,2000.00
ITEM-12113,ORD-00844,PRD-103,7,450.00
ITEM-12114,ORD-00845,PRD-103,10,450.00
ITEM-12115,ORD-00845,PRD-106,1,800.00
ITEM-12116,ORD-00846,PRD-117,9,350.00
ITEM-12117,ORD-00846,PRD-105,9,650.00
ITEM-12118,ORD-00846,PRD-116,2,1000.00
ITEM-12119,ORD-00846,PRD-118,7,1200.00
ITEM-12120,ORD-00847,PRD-114,9,120.00
ITEM-12121,ORD-00848,PRD-120,8,3000.00
ITEM-12122,ORD-00849,PRD-112,3,80.00
ITEM-12123,ORD-00850,PRD-112,6,80.00
ITEM-12124,ORD-00850,PRD-104,4,300.00
ITEM-12125,ORD-00851,PRD-107,4,400.00
ITEM-12126,ORD-00851,PRD-101,5,2500.00
ITEM-12127,ORD-00851,PRD-113,9,500.00
ITEM-12128,ORD-00852,PRD-101,5,2500.00
ITEM-12129,ORD-00852,PRD-115,6,220.00
ITEM-12130,ORD-00852,PRD-111,2,150.00
ITEM-12131,ORD-00853,PRD-104,7,300.00
ITEM-12132,ORD-00854,PRD-104,5,300.00
ITEM-12133,ORD-00854,PRD-116,4,1000.00
ITEM-12134,ORD-00854,PRD-101,8,2500.00
ITEM-12135,ORD-00854,PRD-105,7,650.00
ITEM-12136,ORD-00855,PRD-104,3,300.00
ITEM-12137,ORD-00855,PRD-115,3,220.00
ITEM-12138,ORD-00855,PRD-119,6,2500.00
ITEM-12139,ORD-00856,PRD-104,5,300.00
ITEM-12140,ORD-00856,PRD-107,1,400.00
ITEM-12141,ORD-00857,PRD-107,5,400.00
ITEM-12142,ORD-00857,PRD-116,2,1000.00
ITEM-12143,ORD-00858,PRD-111,9,150.00
ITEM-12144,ORD-00858,PRD-113,7,500.00
ITEM-12145,ORD-00859,PRD-112,1,80.00
ITEM-12146,ORD-00859,PRD-117,4,350.00
ITEM-12147,ORD-00860,PRD-114,8,120.00
ITEM-12148,ORD-00861,PRD-120,9,3000.00
ITEM-12149,ORD-00861,PRD-105,3,650.00
ITEM-12150,ORD-00862,PRD-114,8,120.00
ITEM-12151,ORD-00862,PRD-107,2,400.00
ITEM-12152,ORD-00863,PRD-108,3,1500.00
ITEM-12153,ORD-00863,PRD-104,7,300.00
ITEM-12154,ORD-00864,PRD-120,4,3000.00
ITEM-12155,ORD-00865,PRD-108,7,1500.00
ITEM-12156,ORD-00865,PRD-111,8,150.00
ITEM-12157,ORD-00866,PRD-109,6,600.00
ITEM-12158,ORD-00867,PRD-106,1,800.00
ITEM-12159,ORD-00868,PRD-116,7,1000.00
ITEM-12160,ORD-00868,PRD-109,3,600.00
ITEM-12161,ORD-00868,PRD-104,5,300.00
ITEM-12162,ORD-00869,PRD-118,3,1200.00
ITEM-12163,ORD-00870,PRD-108,10,1500.00
ITEM-12164,ORD-00870,PRD-109,7,600.00
ITEM-12165,ORD-00870,PRD-107,2,400.00
ITEM-12166,ORD-00871,PRD-119,4,2500.00
ITEM-12167,ORD-00872,PRD-110,9,2000.00
ITEM-12168,ORD-00872,PRD-116,3,1000.00
ITEM-12169,ORD-00872,PRD-107,1,400.00
ITEM-12170,ORD-00873,PRD-112,7,80.00
ITEM-12171,ORD-00873,PRD-115,2,220.00
ITEM-12172,ORD-00873,PRD-104,8,300.00
ITEM-12173,ORD-00874,PRD-105,10,650.00
ITEM-12174,ORD-00874,PRD-110,1,2000.00
ITEM-12175,ORD-00874,PRD-102,4,1200.00
ITEM-12176,ORD-00875,PRD-106,8,800.00
ITEM-12177,ORD-00876,PRD-107,3,400.00
ITEM-12178,ORD-00876,PRD-106,10,800.00
ITEM-12179,ORD-00876,PRD-101,4,2500.00
ITEM-12180,ORD-00877,PRD-110,5,2000.00
ITEM-12181,ORD-00877,PRD-108,9,1500.00
ITEM-12182,ORD-00877,PRD-120,2,3000.00
ITEM-12183,ORD-00878,PRD-105,5,650.00
ITEM-12184,ORD-00879,PRD-118,1,1200.00
ITEM-12185,ORD-00879,PRD-104,6,300.00
ITEM-12186,ORD-00880,PRD-105,6,650.00
ITEM-12187,ORD-00880,PRD-114,1,120.00
ITEM-12188,ORD-00880,PRD-110,1,2000.00
ITEM-12189,ORD-00881,PRD-101,7,2500.00
ITEM-12190,ORD-00881,PRD-118,5,1200.00
ITEM-12191,ORD-00881,PRD-104,10,300.00
ITEM-12192,ORD-00882,PRD-119,3,2500.00
ITEM-12193,ORD-00882,PRD-113,8,500.00
ITEM-12194,ORD-00883,PRD-116,3,1000.00
ITEM-12195,ORD-00884,PRD-110,5,2000.00
ITEM-12196,ORD-00884,PRD-101,3,2500.00
ITEM-12197,ORD-00885,PRD-103,4,450.00
ITEM-12198,ORD-00885,PRD-114,8,120.00
ITEM-12199,ORD-00886,PRD-120,2,3000.00
ITEM-12200,ORD-00887,PRD-105,4,650.00
ITEM-12201,ORD-00888,PRD-101,2,2500.00
ITEM-12202,ORD-00889,PRD-119,6,2500.00
ITEM-12203,ORD-00889,PRD-115,8,220.00
ITEM-12204,ORD-00889,PRD-106,3,800.00
ITEM-12205,ORD-00889,PRD-110,4,2000.00
ITEM-12206,ORD-00890,PRD-101,1,2500.00
ITEM-12207,ORD-00891,PRD-101,1,2500.00
ITEM-12208,ORD-00891,PRD-108,4,1500.00
ITEM-12209,ORD-00892,PRD-113,8,500.00
ITEM-12210,ORD-00892,PRD-104,3,300.00
ITEM-12211,ORD-00893,PRD-103,6,450.00
ITEM-12212,ORD-00893,PRD-111,2,150.00
ITEM-12213,ORD-00893,PRD-104,1,300.00
ITEM-12214,ORD-00894,PRD-114,5,120.00
ITEM-12215,ORD-00894,PRD-105,10,650.00
ITEM-12216,ORD-00895,PRD-109,3,600.00
ITEM-12217,ORD-00895,PRD-103,3,450.00
ITEM-12218,ORD-00895,PRD-101,6,2500.00
ITEM-12219,ORD-00896,PRD-104,10,300.00
ITEM-12220,ORD-00897,PRD-113,6,500.00
ITEM-12221,ORD-00897,PRD-112,8,80.00
ITEM-12222,ORD-00898,PRD-105,7,650.00
ITEM-12223,ORD-00898,PRD-108,9,1500.00
ITEM-12224,ORD-00898,PRD-113,8,500.00
ITEM-12225,ORD-00899,PRD-103,10,450.00
ITEM-12226,ORD-00899,PRD-119,4,2500.00
ITEM-12227,ORD-00899,PRD-114,2,120.00
ITEM-12228,ORD-00899,PRD-117,4,350.00
ITEM-12229,ORD-00900,PRD-118,2,1200.00
ITEM-12230,ORD-00900,PRD-116,1,1000.00
ITEM-12231,ORD-00900,PRD-105,6,650.00
ITEM-12232,ORD-00901,PRD-108,3,1500.00
ITEM-12233,ORD-00901,PRD-107,2,400.00
ITEM-12234,ORD-00901,PRD-120,3,3000.00
ITEM-12235,ORD-00901,PRD-102,7,1200.00
ITEM-12236,ORD-00902,PRD-119,2,2500.00
ITEM-12237,ORD-00903,PRD-103,2,450.00
ITEM-12238,ORD-00903,PRD-108,1,1500.00
ITEM-12239,ORD-00904,PRD-117,8,350.00
ITEM-12240,ORD-00904,PRD-110,7,2000.00
ITEM-12241,ORD-00905,PRD-105,1,650.00
ITEM-12242,ORD-00906,PRD-114,10,120.00
ITEM-12243,ORD-00906,PRD-115,9,220.00
ITEM-12244,ORD-00906,PRD-118,5,1200.00
ITEM-12245,ORD-00906,PRD-109,4,600.00
ITEM-12246,ORD-00907,PRD-105,4,650.00
ITEM-12247,ORD-00907,PRD-107,7,400.00
ITEM-12248,ORD-00907,PRD-113,3,500.00
ITEM-12249,ORD-00907,PRD-102,9,1200.00
ITEM-12250,ORD-00908,PRD-113,7,500.00
ITEM-12251,ORD-00908,PRD-106,4,800.00
ITEM-12252,ORD-00908,PRD-102,5,1200.00
ITEM-12253,ORD-00908,PRD-112,2,80.00
ITEM-12254,ORD-00909,PRD-108,5,1500.00
ITEM-12255,ORD-00910,PRD-110,4,2000.00
ITEM-12256,ORD-00911,PRD-103,10,450.00
ITEM-12257,ORD-00911,PRD-119,8,2500.00
ITEM-12258,ORD-00911,PRD-102,1,1200.00
ITEM-12259,ORD-00912,PRD-110,4,2000.00
ITEM-12260,ORD-00912,PRD-113,6,500.00
ITEM-12261,ORD-00912,PRD-117,7,350.00
ITEM-12262,ORD-00913,PRD-117,1,350.00
ITEM-12263,ORD-00913,PRD-104,10,300.00
ITEM-12264,ORD-00913,PRD-120,7,3000.00
ITEM-12265,ORD-00913,PRD-105,8,650.00
ITEM-12266,ORD-00914,PRD-103,4,450.00
ITEM-12267,ORD-00915,PRD-117,10,350.00
ITEM-12268,ORD-00915,PRD-120,9,3000.00
ITEM-12269,ORD-00916,PRD-102,10,1200.00
ITEM-12270,ORD-00916,PRD-113,10,500.00
ITEM-12271,ORD-00916,PRD-108,2,1500.00
ITEM-12272,ORD-00916,PRD-107,3,400.00
ITEM-12273,ORD-00917,PRD-110,2,2000.00
ITEM-12274,ORD-00917,PRD-118,8,1200.00
ITEM-12275,ORD-00918,PRD-103,10,450.00
ITEM-12276,ORD-00918,PRD-109,6,600.00
ITEM-12277,ORD-00919,PRD-116,3,1000.00
ITEM-12278,ORD-00919,PRD-109,2,600.00
ITEM-12279,ORD-00919,PRD-115,10,220.00
ITEM-12280,ORD-00920,PRD-120,9,3000.00
ITEM-12281,ORD-00920,PRD-105,10,650.00
ITEM-12282,ORD-00920,PRD-115,6,220.00
ITEM-12283,ORD-00920,PRD-112,6,80.00
ITEM-12284,ORD-00921,PRD-120,1,3000.00
ITEM-12285,ORD-00922,PRD-113,2,500.00
ITEM-12286,ORD-00922,PRD-106,4,800.00
ITEM-12287,ORD-00922,PRD-120,7,3000.00
ITEM-12288,ORD-00923,PRD-104,7,300.00
ITEM-12289,ORD-00923,PRD-103,7,450.00
ITEM-12290,ORD-00923,PRD-106,4,800.00
ITEM-12291,ORD-00923,PRD-120,7,3000.00
ITEM-12292,ORD-00924,PRD-107,8,400.00
ITEM-12293,ORD-00924,PRD-116,1,1000.00
ITEM-12294,ORD-00924,PRD-104,9,300.00
ITEM-12295,ORD-00924,PRD-109,3,600.00
ITEM-12296,ORD-00925,PRD-120,7,3000.00
ITEM-12297,ORD-00926,PRD-107,1,400.00
ITEM-12298,ORD-00927,PRD-103,7,450.00
ITEM-12299,ORD-00927,PRD-109,2,600.00
ITEM-12300,ORD-00928,PRD-106,7,800.00
ITEM-12301,ORD-00928,PRD-102,6,1200.00
ITEM-12302,ORD-00928,PRD-103,5,450.00
ITEM-12303,ORD-00929,PRD-118,10,1200.00
ITEM-12304,ORD-00929,PRD-106,7,800.00
ITEM-12305,ORD-00929,PRD-114,1,120.00
ITEM-12306,ORD-00929,PRD-112,9,80.00
ITEM-12307,ORD-00930,PRD-111,1,150.00
ITEM-12308,ORD-00930,PRD-120,3,3000.00
ITEM-12309,ORD-00931,PRD-109,3,600.00
ITEM-12310,ORD-00931,PRD-117,8,350.00
ITEM-12311,ORD-00931,PRD-101,10,2500.00
ITEM-12312,ORD-00931,PRD-115,2,220.00
ITEM-12313,ORD-00932,PRD-120,4,3000.00
ITEM-12314,ORD-00932,PRD-113,6,500.00
ITEM-12315,ORD-00933,PRD-112,5,80.00
ITEM-12316,ORD-00933,PRD-101,9,2500.00
ITEM-12317,ORD-00933,PRD-110,2,2000.00
ITEM-12318,ORD-00934,PRD-118,6,1200.00
ITEM-12319,ORD-00934,PRD-114,2,120.00
ITEM-12320,ORD-00934,PRD-117,3,350.00
ITEM-12321,ORD-00935,PRD-118,7,1200.00
ITEM-12322,ORD-00935,PRD-114,5,120.00
ITEM-12323,ORD-00936,PRD-104,2,300.00
ITEM-12324,ORD-00937,PRD-115,9,220.00
ITEM-12325,ORD-00938,PRD-108,9,1500.00
ITEM-12326,ORD-00938,PRD-115,7,220.00
ITEM-12327,ORD-00939,PRD-114,4,120.00
ITEM-12328,ORD-00939,PRD-113,9,500.00
ITEM-12329,ORD-00939,PRD-101,5,2500.00
ITEM-12330,ORD-00939,PRD-112,5,80.00
ITEM-12331,ORD-00940,PRD-102,6,1200.00
ITEM-12332,ORD-00940,PRD-101,9,2500.00
ITEM-12333,ORD-00940,PRD-119,10,2500.00
ITEM-12334,ORD-00940,PRD-105,6,650.00
ITEM-12335,ORD-00941,PRD-107,3,400.00
ITEM-12336,ORD-00941,PRD-113,7,500.00
ITEM-12337,ORD-00941,PRD-102,3,1200.00
ITEM-12338,ORD-00941,PRD-114,7,120.00
ITEM-12339,ORD-00942,PRD-117,10,350.00
ITEM-12340,ORD-00942,PRD-104,7,300.00
ITEM-12341,ORD-00943,PRD-103,1,450.00
ITEM-12342,ORD-00944,PRD-120,9,3000.00
ITEM-12343,ORD-00945,PRD-115,3,220.00
ITEM-12344,ORD-00945,PRD-112,4,80.00
ITEM-12345,ORD-00946,PRD-109,3,600.00
ITEM-12346,ORD-00946,PRD-102,1,1200.00
ITEM-12347,ORD-00946,PRD-120,10,3000.00
ITEM-12348,ORD-00946,PRD-103,2,450.00
ITEM-12349,ORD-00947,PRD-109,2,600.00
ITEM-12350,ORD-00947,PRD-106,8,800.00
ITEM-12351,ORD-00947,PRD-103,6,450.00
ITEM-12352,ORD-00948,PRD-103,7,450.00
ITEM-12353,ORD-00948,PRD-116,7,1000.00
ITEM-12354,ORD-00948,PRD-120,6,3000.00
ITEM-12355,ORD-00948,PRD-107,8,400.00
ITEM-12356,ORD-00949,PRD-104,6,300.00
ITEM-12357,ORD-00950,PRD-117,2,350.00
ITEM-12358,ORD-00950,PRD-109,4,600.00
ITEM-12359,ORD-00951,PRD-112,4,80.00
ITEM-12360,ORD-00951,PRD-104,1,300.00
ITEM-12361,ORD-00952,PRD-109,8,600.00
ITEM-12362,ORD-00952,PRD-120,4,3000.00
ITEM-12363,ORD-00953,PRD-116,4,1000.00
ITEM-12364,ORD-00953,PRD-114,5,120.00
ITEM-12365,ORD-00953,PRD-117,3,350.00
ITEM-12366,ORD-00953,PRD-113,4,500.00
ITEM-12367,ORD-00954,PRD-106,7,800.00
ITEM-12368,ORD-00954,PRD-107,8,400.00
ITEM-12369,ORD-00954,PRD-116,7,1000.00
ITEM-12370,ORD-00955,PRD-107,2,400.00
ITEM-12371,ORD-00955,PRD-119,8,2500.00
ITEM-12372,ORD-00955,PRD-112,3,80.00
ITEM-12373,ORD-00955,PRD-118,1,1200.00
ITEM-12374,ORD-00956,PRD-113,3,500.00
ITEM-12375,ORD-00956,PRD-101,6,2500.00
ITEM-12376,ORD-00956,PRD-104,7,300.00
ITEM-12377,ORD-00957,PRD-112,2,80.00
ITEM-12378,ORD-00957,PRD-105,1,650.00
ITEM-12379,ORD-00957,PRD-111,6,150.00
ITEM-12380,ORD-00958,PRD-118,7,1200.00
ITEM-12381,ORD-00958,PRD-103,5,450.00
ITEM-12382,ORD-00959,PRD-119,7,2500.00
ITEM-12383,ORD-00960,PRD-116,2,1000.00
ITEM-12384,ORD-00960,PRD-102,2,1200.00
ITEM-12385,ORD-00960,PRD-109,8,600.00
ITEM-12386,ORD-00960,PRD-114,3,120.00
ITEM-12387,ORD-00961,PRD-101,8,2500.00
ITEM-12388,ORD-00961,PRD-119,5,2500.00
ITEM-12389,ORD-00961,PRD-120,3,3000.00
ITEM-12390,ORD-00962,PRD-101,2,2500.00
ITEM-12391,ORD-00962,PRD-103,7,450.00
ITEM-12392,ORD-00962,PRD-116,5,1000.00
ITEM-12393,ORD-00963,PRD-116,5,1000.00
ITEM-12394,ORD-00963,PRD-102,8,1200.00
ITEM-12395,ORD-00963,PRD-113,8,500.00
ITEM-12396,ORD-00964,PRD-101,3,2500.00
ITEM-12397,ORD-00965,PRD-103,6,450.00
ITEM-12398,ORD-00965,PRD-107,9,400.00
ITEM-12399,ORD-00966,PRD-102,5,1200.00
ITEM-12400,ORD-00967,PRD-106,2,800.00
ITEM-12401,ORD-00967,PRD-105,3,650.00
ITEM-12402,ORD-00967,PRD-115,6,220.00
ITEM-12403,ORD-00968,PRD-117,9,350.00
ITEM-12404,ORD-00969,PRD-116,5,1000.00
ITEM-12405,ORD-00969,PRD-108,5,1500.00
ITEM-12406,ORD-00969,PRD-103,2,450.00
ITEM-12407,ORD-00970,PRD-103,8,450.00
ITEM-12408,ORD-00970,PRD-120,1,3000.00
ITEM-12409,ORD-00971,PRD-116,6,1000.00
ITEM-12410,ORD-00971,PRD-104,4,300.00
ITEM-12411,ORD-00972,PRD-105,4,650.00
ITEM-12412,ORD-00972,PRD-117,6,350.00
ITEM-12413,ORD-00972,PRD-104,7,300.00
ITEM-12414,ORD-00972,PRD-120,8,3000.00
ITEM-12415,ORD-00973,PRD-106,8,800.00
ITEM-12416,ORD-00973,PRD-110,2,2000.00
ITEM-12417,ORD-00973,PRD-104,2,300.00
ITEM-12418,ORD-00973,PRD-105,4,650.00
ITEM-12419,ORD-00974,PRD-112,6,80.00
ITEM-12420,ORD-00974,PRD-109,7,600.00
ITEM-12421,ORD-00974,PRD-104,4,300.00
ITEM-12422,ORD-00974,PRD-103,3,450.00
ITEM-12423,ORD-00975,PRD-109,7,600.00
ITEM-12424,ORD-00975,PRD-112,7,80.00
ITEM-12425,ORD-00975,PRD-104,4,300.00
ITEM-12426,ORD-00975,PRD-102,5,1200.00
ITEM-12427,ORD-00976,PRD-117,4,350.00
ITEM-12428,ORD-00976,PRD-114,2,120.00
ITEM-12429,ORD-00976,PRD-104,4,300.00
ITEM-12430,ORD-00976,PRD-102,2,1200.00
ITEM-12431,ORD-00977,PRD-109,4,600.00
ITEM-12432,ORD-00978,PRD-116,4,1000.00
ITEM-12433,ORD-00978,PRD-107,6,400.00
ITEM-12434,ORD-00978,PRD-106,5,800.00
ITEM-12435,ORD-00979,PRD-110,2,2000.00
ITEM-12436,ORD-00979,PRD-108,3,1500.00
ITEM-12437,ORD-00979,PRD-106,3,800.00
ITEM-12438,ORD-00979,PRD-111,6,150.00
ITEM-12439,ORD-00980,PRD-101,2,2500.00
ITEM-12440,ORD-00980,PRD-106,3,800.00
ITEM-12441,ORD-00980,PRD-109,1,600.00
ITEM-12442,ORD-00981,PRD-104,4,300.00
ITEM-12443,ORD-00981,PRD-102,9,1200.00
ITEM-12444,ORD-00981,PRD-101,9,2500.00
ITEM-12445,ORD-00981,PRD-110,3,2000.00
ITEM-12446,ORD-00982,PRD-115,9,220.00
ITEM-12447,ORD-00982,PRD-116,5,1000.00
ITEM-12448,ORD-00982,PRD-112,8,80.00
ITEM-12449,ORD-00983,PRD-111,2,150.00
ITEM-12450,ORD-00983,PRD-117,5,350.00
ITEM-12451,ORD-00983,PRD-116,9,1000.00
ITEM-12452,ORD-00984,PRD-112,1,80.00
ITEM-12453,ORD-00984,PRD-116,4,1000.00
ITEM-12454,ORD-00985,PRD-107,7,400.00
ITEM-12455,ORD-00986,PRD-109,6,600.00
ITEM-12456,ORD-00986,PRD-112,7,80.00
ITEM-12457,ORD-00987,PRD-120,8,3000.00
ITEM-12458,ORD-00987,PRD-104,10,300.00
ITEM-12459,ORD-00987,PRD-114,6,120.00
ITEM-12460,ORD-00988,PRD-115,9,220.00
ITEM-12461,ORD-00988,PRD-105,5,650.00
ITEM-12462,ORD-00989,PRD-110,1,2000.00
ITEM-12463,ORD-00990,PRD-102,8,1200.00
ITEM-12464,ORD-00991,PRD-109,3,600.00
ITEM-12465,ORD-00992,PRD-103,3,450.00
ITEM-12466,ORD-00992,PRD-109,4,600.00
ITEM-12467,ORD-00993,PRD-112,7,80.00
ITEM-12468,ORD-00993,PRD-108,2,1500.00
ITEM-12469,ORD-00993,PRD-113,5,500.00
ITEM-12470,ORD-00993,PRD-114,5,120.00
ITEM-12471,ORD-00994,PRD-107,3,400.00
ITEM-12472,ORD-00994,PRD-109,7,600.00
ITEM-12473,ORD-00995,PRD-118,2,1200.00
ITEM-12474,ORD-00995,PRD-106,3,800.00
ITEM-12475,ORD-00995,PRD-113,9,500.00
ITEM-12476,ORD-00995,PRD-114,8,120.00
ITEM-12477,ORD-00996,PRD-114,7,120.00
ITEM-12478,ORD-00996,PRD-115,8,220.00
ITEM-12479,ORD-00996,PRD-120,1,3000.00
ITEM-12480,ORD-00997,PRD-108,6,1500.00
ITEM-12481,ORD-00997,PRD-119,3,2500.00
ITEM-12482,ORD-00997,PRD-117,10,350.00
ITEM-12483,ORD-00998,PRD-113,8,500.00
ITEM-12484,ORD-00998,PRD-101,9,2500.00
ITEM-12485,ORD-00999,PRD-111,10,150.00
ITEM-12486,ORD-01000,PRD-104,10,300.00
ITEM-12487,ORD-01001,PRD-105,5,650.00
ITEM-12488,ORD-01001,PRD-108,1,1500.00
ITEM-12489,ORD-01001,PRD-120,8,3000.00
ITEM-12490,ORD-01001,PRD-110,10,2000.00
ITEM-12491,ORD-01002,PRD-117,2,350.00
ITEM-12492,ORD-01003,PRD-113,7,500.00
ITEM-12493,ORD-01003,PRD-102,8,1200.00
ITEM-12494,ORD-01003,PRD-104,3,300.00
ITEM-12495,ORD-01003,PRD-110,4,2000.00
ITEM-12496,ORD-01004,PRD-114,3,120.00
ITEM-12497,ORD-01005,PRD-106,9,800.00
ITEM-12498,ORD-01005,PRD-117,4,350.00
ITEM-12499,ORD-01006,PRD-112,2,80.00
ITEM-12500,ORD-01006,PRD-109,8,600.00
ITEM-12501,ORD-01006,PRD-113,7,500.00
ITEM-12502,ORD-01006,PRD-118,7,1200.00
ITEM-12503,ORD-01007,PRD-101,10,2500.00
ITEM-12504,ORD-01007,PRD-119,8,2500.00
ITEM-12505,ORD-01007,PRD-110,1,2000.00
ITEM-12506,ORD-01007,PRD-102,6,1200.00
ITEM-12507,ORD-01008,PRD-112,9,80.00
ITEM-12508,ORD-01008,PRD-117,4,350.00
ITEM-12509,ORD-01009,PRD-112,6,80.00
ITEM-12510,ORD-01009,PRD-119,8,2500.00
ITEM-12511,ORD-01010,PRD-116,7,1000.00
ITEM-12512,ORD-01011,PRD-105,10,650.00
ITEM-12513,ORD-01011,PRD-111,10,150.00
ITEM-12514,ORD-01011,PRD-112,7,80.00
ITEM-12515,ORD-01012,PRD-104,8,300.00
ITEM-12516,ORD-01012,PRD-120,8,3000.00
ITEM-12517,ORD-01013,PRD-113,2,500.00
ITEM-12518,ORD-01013,PRD-114,1,120.00
ITEM-12519,ORD-01014,PRD-112,2,80.00
ITEM-12520,ORD-01014,PRD-101,8,2500.00
ITEM-12521,ORD-01014,PRD-106,7,800.00
ITEM-12522,ORD-01014,PRD-111,3,150.00
ITEM-12523,ORD-01015,PRD-110,7,2000.00
ITEM-12524,ORD-01015,PRD-108,9,1500.00
ITEM-12525,ORD-01015,PRD-107,4,400.00
ITEM-12526,ORD-01015,PRD-106,2,800.00
ITEM-12527,ORD-01016,PRD-102,1,1200.00
ITEM-12528,ORD-01016,PRD-105,6,650.00
ITEM-12529,ORD-01017,PRD-117,4,350.00
ITEM-12530,ORD-01017,PRD-116,4,1000.00
ITEM-12531,ORD-01018,PRD-103,7,450.00
ITEM-12532,ORD-01018,PRD-115,7,220.00
ITEM-12533,ORD-01019,PRD-104,4,300.00
ITEM-12534,ORD-01019,PRD-120,1,3000.00
ITEM-12535,ORD-01019,PRD-116,10,1000.00
ITEM-12536,ORD-01020,PRD-113,3,500.00
ITEM-12537,ORD-01020,PRD-112,5,80.00
ITEM-12538,ORD-01020,PRD-103,2,450.00
ITEM-12539,ORD-01021,PRD-113,2,500.00
ITEM-12540,ORD-01021,PRD-102,10,1200.00
ITEM-12541,ORD-01021,PRD-118,8,1200.00
ITEM-12542,ORD-01022,PRD-107,3,400.00
ITEM-12543,ORD-01022,PRD-111,4,150.00
ITEM-12544,ORD-01022,PRD-102,9,1200.00
ITEM-12545,ORD-01023,PRD-112,2,80.00
ITEM-12546,ORD-01024,PRD-105,1,650.00
ITEM-12547,ORD-01024,PRD-109,8,600.00
ITEM-12548,ORD-01024,PRD-102,9,1200.00
ITEM-12549,ORD-01024,PRD-104,4,300.00
ITEM-12550,ORD-01025,PRD-102,1,1200.00
ITEM-12551,ORD-01026,PRD-118,8,1200.00
ITEM-12552,ORD-01027,PRD-118,2,1200.00
ITEM-12553,ORD-01027,PRD-105,10,650.00
ITEM-12554,ORD-01027,PRD-104,6,300.00
ITEM-12555,ORD-01027,PRD-115,6,220.00
ITEM-12556,ORD-01028,PRD-103,1,450.00
ITEM-12557,ORD-01028,PRD-119,4,2500.00
ITEM-12558,ORD-01029,PRD-102,1,1200.00
ITEM-12559,ORD-01029,PRD-103,3,450.00
ITEM-12560,ORD-01030,PRD-110,10,2000.00
ITEM-12561,ORD-01030,PRD-105,7,650.00
ITEM-12562,ORD-01031,PRD-118,6,1200.00
ITEM-12563,ORD-01031,PRD-107,4,400.00
ITEM-12564,ORD-01031,PRD-116,8,1000.00
ITEM-12565,ORD-01032,PRD-117,6,350.00
ITEM-12566,ORD-01032,PRD-109,9,600.00
ITEM-12567,ORD-01033,PRD-109,9,600.00
ITEM-12568,ORD-01033,PRD-103,4,450.00
ITEM-12569,ORD-01033,PRD-107,5,400.00
ITEM-12570,ORD-01033,PRD-105,9,650.00
ITEM-12571,ORD-01034,PRD-108,8,1500.00
ITEM-12572,ORD-01035,PRD-109,5,600.00
ITEM-12573,ORD-01035,PRD-119,2,2500.00
ITEM-12574,ORD-01035,PRD-113,1,500.00
ITEM-12575,ORD-01036,PRD-115,7,220.00
ITEM-12576,ORD-01036,PRD-102,3,1200.00
ITEM-12577,ORD-01036,PRD-108,7,1500.00
ITEM-12578,ORD-01036,PRD-107,9,400.00
ITEM-12579,ORD-01037,PRD-120,6,3000.00
ITEM-12580,ORD-01038,PRD-114,5,120.00
ITEM-12581,ORD-01038,PRD-102,9,1200.00
ITEM-12582,ORD-01038,PRD-104,8,300.00
ITEM-12583,ORD-01038,PRD-113,7,500.00
ITEM-12584,ORD-01039,PRD-108,5,1500.00
ITEM-12585,ORD-01039,PRD-105,2,650.00
ITEM-12586,ORD-01039,PRD-101,4,2500.00
ITEM-12587,ORD-01039,PRD-109,9,600.00
ITEM-12588,ORD-01040,PRD-112,10,80.00
ITEM-12589,ORD-01040,PRD-109,1,600.00
ITEM-12590,ORD-01040,PRD-119,2,2500.00
ITEM-12591,ORD-01041,PRD-115,1,220.00
ITEM-12592,ORD-01041,PRD-120,8,3000.00
ITEM-12593,ORD-01042,PRD-114,10,120.00
ITEM-12594,ORD-01042,PRD-102,2,1200.00
ITEM-12595,ORD-01043,PRD-106,8,800.00
ITEM-12596,ORD-01043,PRD-109,3,600.00
ITEM-12597,ORD-01043,PRD-119,4,2500.00
ITEM-12598,ORD-01043,PRD-118,3,1200.00
ITEM-12599,ORD-01044,PRD-106,9,800.00
ITEM-12600,ORD-01045,PRD-102,5,1200.00
ITEM-12601,ORD-01045,PRD-109,1,600.00
ITEM-12602,ORD-01046,PRD-104,8,300.00
ITEM-12603,ORD-01046,PRD-103,2,450.00
ITEM-12604,ORD-01046,PRD-117,9,350.00
ITEM-12605,ORD-01047,PRD-103,1,450.00
ITEM-12606,ORD-01047,PRD-114,6,120.00
ITEM-12607,ORD-01047,PRD-110,10,2000.00
ITEM-12608,ORD-01047,PRD-105,6,650.00
ITEM-12609,ORD-01048,PRD-106,6,800.00
ITEM-12610,ORD-01049,PRD-120,4,3000.00
ITEM-12611,ORD-01050,PRD-107,3,400.00
ITEM-12612,ORD-01050,PRD-113,7,500.00
ITEM-12613,ORD-01050,PRD-102,2,1200.00
ITEM-12614,ORD-01051,PRD-118,10,1200.00
ITEM-12615,ORD-01051,PRD-104,8,300.00
ITEM-12616,ORD-01051,PRD-117,9,350.00
ITEM-12617,ORD-01051,PRD-102,9,1200.00
ITEM-12618,ORD-01052,PRD-108,6,1500.00
ITEM-12619,ORD-01052,PRD-111,4,150.00
ITEM-12620,ORD-01052,PRD-120,8,3000.00
ITEM-12621,ORD-01053,PRD-112,2,80.00
ITEM-12622,ORD-01053,PRD-103,6,450.00
ITEM-12623,ORD-01053,PRD-120,8,3000.00
ITEM-12624,ORD-01053,PRD-117,10,350.00
ITEM-12625,ORD-01054,PRD-114,3,120.00
ITEM-12626,ORD-01054,PRD-119,10,2500.00
ITEM-12627,ORD-01055,PRD-114,4,120.00
ITEM-12628,ORD-01055,PRD-117,3,350.00
ITEM-12629,ORD-01055,PRD-105,8,650.00
ITEM-12630,ORD-01055,PRD-116,1,1000.00
ITEM-12631,ORD-01056,PRD-104,1,300.00
ITEM-12632,ORD-01056,PRD-105,3,650.00
ITEM-12633,ORD-01056,PRD-102,2,1200.00
ITEM-12634,ORD-01056,PRD-114,3,120.00
ITEM-12635,ORD-01057,PRD-113,4,500.00
ITEM-12636,ORD-01057,PRD-118,5,1200.00
ITEM-12637,ORD-01058,PRD-102,2,1200.00
ITEM-12638,ORD-01059,PRD-110,10,2000.00
ITEM-12639,ORD-01059,PRD-116,9,1000.00
ITEM-12640,ORD-01059,PRD-105,2,650.00
ITEM-12641,ORD-01059,PRD-106,3,800.00
ITEM-12642,ORD-01060,PRD-113,9,500.00
ITEM-12643,ORD-01060,PRD-111,10,150.00
ITEM-12644,ORD-01060,PRD-115,5,220.00
ITEM-12645,ORD-01060,PRD-106,2,800.00
ITEM-12646,ORD-01061,PRD-110,3,2000.00
ITEM-12647,ORD-01061,PRD-111,3,150.00
ITEM-12648,ORD-01061,PRD-113,1,500.00
ITEM-12649,ORD-01061,PRD-119,4,2500.00
ITEM-12650,ORD-01062,PRD-104,3,300.00
ITEM-12651,ORD-01062,PRD-112,2,80.00
ITEM-12652,ORD-01062,PRD-110,5,2000.00
ITEM-12653,ORD-01063,PRD-109,5,600.00
ITEM-12654,ORD-01063,PRD-104,3,300.00
ITEM-12655,ORD-01063,PRD-108,2,1500.00
ITEM-12656,ORD-01064,PRD-118,9,1200.00
ITEM-12657,ORD-01065,PRD-107,8,400.00
ITEM-12658,ORD-01065,PRD-110,9,2000.00
ITEM-12659,ORD-01065,PRD-114,3,120.00
ITEM-12660,ORD-01066,PRD-114,3,120.00
ITEM-12661,ORD-01066,PRD-116,5,1000.00
ITEM-12662,ORD-01066,PRD-109,2,600.00
ITEM-12663,ORD-01066,PRD-103,6,450.00
ITEM-12664,ORD-01067,PRD-109,2,600.00
ITEM-12665,ORD-01067,PRD-115,6,220.00
ITEM-12666,ORD-01067,PRD-117,1,350.00
ITEM-12667,ORD-01068,PRD-118,1,1200.00
ITEM-12668,ORD-01068,PRD-102,4,1200.00
ITEM-12669,ORD-01069,PRD-109,3,600.00
ITEM-12670,ORD-01069,PRD-116,8,1000.00
ITEM-12671,ORD-01070,PRD-117,4,350.00
ITEM-12672,ORD-01071,PRD-106,7,800.00
ITEM-12673,ORD-01071,PRD-102,5,1200.00
ITEM-12674,ORD-01072,PRD-117,5,350.00
ITEM-12675,ORD-01072,PRD-106,8,800.00
ITEM-12676,ORD-01072,PRD-110,8,2000.00
ITEM-12677,ORD-01072,PRD-108,7,1500.00
ITEM-12678,ORD-01073,PRD-110,7,2000.00
ITEM-12679,ORD-01074,PRD-115,2,220.00
ITEM-12680,ORD-01074,PRD-111,6,150.00
ITEM-12681,ORD-01075,PRD-120,5,3000.00
ITEM-12682,ORD-01075,PRD-114,5,120.00
ITEM-12683,ORD-01075,PRD-108,9,1500.00
ITEM-12684,ORD-01075,PRD-101,4,2500.00
ITEM-12685,ORD-01076,PRD-114,7,120.00
ITEM-12686,ORD-01076,PRD-113,7,500.00
ITEM-12687,ORD-01076,PRD-115,5,220.00
ITEM-12688,ORD-01077,PRD-110,8,2000.00
ITEM-12689,ORD-01078,PRD-104,3,300.00
ITEM-12690,ORD-01078,PRD-111,10,150.00
ITEM-12691,ORD-01079,PRD-111,6,150.00
ITEM-12692,ORD-01080,PRD-118,9,1200.00
ITEM-12693,ORD-01080,PRD-107,7,400.00
ITEM-12694,ORD-01080,PRD-106,4,800.00
ITEM-12695,ORD-01081,PRD-101,1,2500.00
ITEM-12696,ORD-01081,PRD-102,9,1200.00
ITEM-12697,ORD-01082,PRD-110,1,2000.00
ITEM-12698,ORD-01082,PRD-120,4,3000.00
ITEM-12699,ORD-01083,PRD-105,2,650.00
ITEM-12700,ORD-01083,PRD-109,9,600.00
ITEM-12701,ORD-01083,PRD-103,7,450.00
ITEM-12702,ORD-01083,PRD-118,1,1200.00
ITEM-12703,ORD-01084,PRD-107,9,400.00
ITEM-12704,ORD-01084,PRD-110,1,2000.00
ITEM-12705,ORD-01084,PRD-111,5,150.00
ITEM-12706,ORD-01084,PRD-114,5,120.00
ITEM-12707,ORD-01085,PRD-113,4,500.00
ITEM-12708,ORD-01085,PRD-110,7,2000.00
ITEM-12709,ORD-01085,PRD-114,9,120.00
ITEM-12710,ORD-01085,PRD-103,5,450.00
ITEM-12711,ORD-01086,PRD-101,9,2500.00
ITEM-12712,ORD-01086,PRD-116,2,1000.00
ITEM-12713,ORD-01086,PRD-113,8,500.00
ITEM-12714,ORD-01086,PRD-112,4,80.00
ITEM-12715,ORD-01087,PRD-116,5,1000.00
ITEM-12716,ORD-01087,PRD-119,6,2500.00
ITEM-12717,ORD-01087,PRD-104,3,300.00
ITEM-12718,ORD-01088,PRD-103,7,450.00
ITEM-12719,ORD-01088,PRD-105,10,650.00
ITEM-12720,ORD-01089,PRD-116,5,1000.00
ITEM-12721,ORD-01090,PRD-111,10,150.00
ITEM-12722,ORD-01091,PRD-118,6,1200.00
ITEM-12723,ORD-01091,PRD-116,8,1000.00
ITEM-12724,ORD-01091,PRD-111,8,150.00
ITEM-12725,ORD-01091,PRD-108,9,1500.00
ITEM-12726,ORD-01092,PRD-105,2,650.00
ITEM-12727,ORD-01092,PRD-101,3,2500.00
ITEM-12728,ORD-01092,PRD-106,4,800.00
ITEM-12729,ORD-01092,PRD-117,8,350.00
ITEM-12730,ORD-01093,PRD-105,1,650.00
ITEM-12731,ORD-01093,PRD-118,5,1200.00
ITEM-12732,ORD-01093,PRD-114,2,120.00
ITEM-12733,ORD-01093,PRD-113,7,500.00
ITEM-12734,ORD-01094,PRD-119,5,2500.00
ITEM-12735,ORD-01094,PRD-106,9,800.00
ITEM-12736,ORD-01094,PRD-105,4,650.00
ITEM-12737,ORD-01095,PRD-111,3,150.00
ITEM-12738,ORD-01095,PRD-105,9,650.00
ITEM-12739,ORD-01096,PRD-103,4,450.00
ITEM-12740,ORD-01096,PRD-101,2,2500.00
ITEM-12741,ORD-01096,PRD-110,9,2000.00
ITEM-12742,ORD-01096,PRD-107,8,400.00
ITEM-12743,ORD-01097,PRD-103,9,450.00
ITEM-12744,ORD-01097,PRD-112,4,80.00
ITEM-12745,ORD-01098,PRD-114,6,120.00
ITEM-12746,ORD-01098,PRD-119,10,2500.00
ITEM-12747,ORD-01098,PRD-110,7,2000.00
ITEM-12748,ORD-01099,PRD-119,3,2500.00
ITEM-12749,ORD-01100,PRD-105,9,650.00
ITEM-12750,ORD-01101,PRD-120,3,3000.00
ITEM-12751,ORD-01101,PRD-116,1,1000.00
ITEM-12752,ORD-01101,PRD-107,4,400.00
ITEM-12753,ORD-01102,PRD-101,3,2500.00
ITEM-12754,ORD-01102,PRD-111,9,150.00
ITEM-12755,ORD-01102,PRD-103,8,450.00
ITEM-12756,ORD-01102,PRD-102,7,1200.00
ITEM-12757,ORD-01103,PRD-118,7,1200.00
ITEM-12758,ORD-01103,PRD-113,7,500.00
ITEM-12759,ORD-01104,PRD-120,4,3000.00
ITEM-12760,ORD-01105,PRD-116,6,1000.00
ITEM-12761,ORD-01105,PRD-109,3,600.00
ITEM-12762,ORD-01105,PRD-104,1,300.00
ITEM-12763,ORD-01105,PRD-114,6,120.00
ITEM-12764,ORD-01106,PRD-113,3,500.00
ITEM-12765,ORD-01106,PRD-112,1,80.00
ITEM-12766,ORD-01107,PRD-111,5,150.00
ITEM-12767,ORD-01107,PRD-104,9,300.00
ITEM-12768,ORD-01107,PRD-112,1,80.00
ITEM-12769,ORD-01108,PRD-102,10,1200.00
ITEM-12770,ORD-01108,PRD-109,1,600.00
ITEM-12771,ORD-01108,PRD-119,8,2500.00
ITEM-12772,ORD-01108,PRD-120,10,3000.00
ITEM-12773,ORD-01109,PRD-102,6,1200.00
ITEM-12774,ORD-01110,PRD-105,7,650.00
ITEM-12775,ORD-01110,PRD-103,2,450.00
ITEM-12776,ORD-01111,PRD-118,5,1200.00
ITEM-12777,ORD-01112,PRD-106,9,800.00
ITEM-12778,ORD-01112,PRD-119,1,2500.00
ITEM-12779,ORD-01112,PRD-112,7,80.00
ITEM-12780,ORD-01113,PRD-109,3,600.00
ITEM-12781,ORD-01113,PRD-103,8,450.00
ITEM-12782,ORD-01114,PRD-106,9,800.00
ITEM-12783,ORD-01114,PRD-101,6,2500.00
ITEM-12784,ORD-01114,PRD-110,2,2000.00
ITEM-12785,ORD-01114,PRD-109,6,600.00
ITEM-12786,ORD-01115,PRD-104,2,300.00
ITEM-12787,ORD-01116,PRD-106,1,800.00
ITEM-12788,ORD-01117,PRD-110,3,2000.00
ITEM-12789,ORD-01117,PRD-107,5,400.00
ITEM-12790,ORD-01118,PRD-119,7,2500.00
ITEM-12791,ORD-01118,PRD-111,4,150.00
ITEM-12792,ORD-01119,PRD-115,8,220.00
ITEM-12793,ORD-01119,PRD-109,6,600.00
ITEM-12794,ORD-01119,PRD-103,10,450.00
ITEM-12795,ORD-01120,PRD-102,7,1200.00
ITEM-12796,ORD-01120,PRD-119,3,2500.00
ITEM-12797,ORD-01121,PRD-110,9,2000.00
ITEM-12798,ORD-01121,PRD-107,9,400.00
ITEM-12799,ORD-01121,PRD-111,5,150.00
ITEM-12800,ORD-01122,PRD-102,3,1200.00
ITEM-12801,ORD-01122,PRD-104,8,300.00
ITEM-12802,ORD-01122,PRD-117,3,350.00
ITEM-12803,ORD-01123,PRD-111,2,150.00
ITEM-12804,ORD-01124,PRD-104,5,300.00
ITEM-12805,ORD-01124,PRD-106,3,800.00
ITEM-12806,ORD-01124,PRD-112,8,80.00
ITEM-12807,ORD-01125,PRD-119,8,2500.00
ITEM-12808,ORD-01125,PRD-120,4,3000.00
ITEM-12809,ORD-01125,PRD-114,5,120.00
ITEM-12810,ORD-01125,PRD-113,6,500.00
ITEM-12811,ORD-01126,PRD-117,7,350.00
ITEM-12812,ORD-01126,PRD-104,7,300.00
ITEM-12813,ORD-01127,PRD-110,4,2000.00
ITEM-12814,ORD-01127,PRD-117,10,350.00
ITEM-12815,ORD-01128,PRD-110,3,2000.00
ITEM-12816,ORD-01129,PRD-107,5,400.00
ITEM-12817,ORD-01129,PRD-106,5,800.00
ITEM-12818,ORD-01130,PRD-108,3,1500.00
ITEM-12819,ORD-01131,PRD-116,9,1000.00
ITEM-12820,ORD-01132,PRD-115,3,220.00
ITEM-12821,ORD-01132,PRD-108,6,1500.00
ITEM-12822,ORD-01132,PRD-104,3,300.00
ITEM-12823,ORD-01132,PRD-113,7,500.00
ITEM-12824,ORD-01133,PRD-118,10,1200.00
ITEM-12825,ORD-01133,PRD-103,1,450.00
ITEM-12826,ORD-01133,PRD-112,4,80.00
ITEM-12827,ORD-01133,PRD-116,10,1000.00
ITEM-12828,ORD-01134,PRD-120,10,3000.00
ITEM-12829,ORD-01135,PRD-102,5,1200.00
ITEM-12830,ORD-01135,PRD-107,7,400.00
ITEM-12831,ORD-01136,PRD-110,7,2000.00
ITEM-12832,ORD-01136,PRD-120,8,3000.00
ITEM-12833,ORD-01137,PRD-115,2,220.00
ITEM-12834,ORD-01138,PRD-106,6,800.00
ITEM-12835,ORD-01139,PRD-116,7,1000.00
ITEM-12836,ORD-01140,PRD-120,8,3000.00
ITEM-12837,ORD-01141,PRD-104,9,300.00
ITEM-12838,ORD-01141,PRD-106,7,800.00
ITEM-12839,ORD-01141,PRD-114,2,120.00
ITEM-12840,ORD-01142,PRD-107,7,400.00
ITEM-12841,ORD-01142,PRD-117,1,350.00
ITEM-12842,ORD-01142,PRD-115,8,220.00
ITEM-12843,ORD-01143,PRD-102,7,1200.00
ITEM-12844,ORD-01143,PRD-112,6,80.00
ITEM-12845,ORD-01143,PRD-109,5,600.00
ITEM-12846,ORD-01144,PRD-101,1,2500.00
ITEM-12847,ORD-01144,PRD-115,10,220.00
ITEM-12848,ORD-01144,PRD-111,2,150.00
ITEM-12849,ORD-01144,PRD-110,6,2000.00
ITEM-12850,ORD-01145,PRD-118,2,1200.00
ITEM-12851,ORD-01146,PRD-115,10,220.00
ITEM-12852,ORD-01146,PRD-108,8,1500.00
ITEM-12853,ORD-01146,PRD-117,1,350.00
ITEM-12854,ORD-01147,PRD-113,9,500.00
ITEM-12855,ORD-01148,PRD-101,7,2500.00
ITEM-12856,ORD-01148,PRD-106,2,800.00
ITEM-12857,ORD-01148,PRD-109,4,600.00
ITEM-12858,ORD-01148,PRD-103,10,450.00
ITEM-12859,ORD-01149,PRD-112,10,80.00
ITEM-12860,ORD-01150,PRD-109,1,600.00
ITEM-12861,ORD-01150,PRD-117,10,350.00
ITEM-12862,ORD-01151,PRD-107,5,400.00
ITEM-12863,ORD-01151,PRD-101,5,2500.00
ITEM-12864,ORD-01151,PRD-114,8,120.00
ITEM-12865,ORD-01151,PRD-105,10,650.00
ITEM-12866,ORD-01152,PRD-108,10,1500.00
ITEM-12867,ORD-01152,PRD-103,8,450.00
ITEM-12868,ORD-01152,PRD-110,10,2000.00
ITEM-12869,ORD-01153,PRD-118,6,1200.00
ITEM-12870,ORD-01153,PRD-101,6,2500.00
ITEM-12871,ORD-01153,PRD-111,8,150.00
ITEM-12872,ORD-01153,PRD-120,3,3000.00
ITEM-12873,ORD-01154,PRD-109,8,600.00
ITEM-12874,ORD-01154,PRD-113,9,500.00
ITEM-12875,ORD-01154,PRD-102,6,1200.00
ITEM-12876,ORD-01154,PRD-103,2,450.00
ITEM-12877,ORD-01155,PRD-115,10,220.00
ITEM-12878,ORD-01155,PRD-101,6,2500.00
ITEM-12879,ORD-01155,PRD-105,10,650.00
ITEM-12880,ORD-01155,PRD-106,7,800.00
ITEM-12881,ORD-01156,PRD-113,3,500.00
ITEM-12882,ORD-01156,PRD-118,7,1200.00
ITEM-12883,ORD-01157,PRD-106,9,800.00
ITEM-12884,ORD-01157,PRD-120,7,3000.00
ITEM-12885,ORD-01157,PRD-113,6,500.00
ITEM-12886,ORD-01158,PRD-111,9,150.00
ITEM-12887,ORD-01159,PRD-115,3,220.00
ITEM-12888,ORD-01159,PRD-110,7,2000.00
ITEM-12889,ORD-01159,PRD-120,5,3000.00
ITEM-12890,ORD-01159,PRD-106,1,800.00
ITEM-12891,ORD-01160,PRD-113,10,500.00
ITEM-12892,ORD-01161,PRD-105,2,650.00
ITEM-12893,ORD-01161,PRD-117,10,350.00
ITEM-12894,ORD-01162,PRD-119,2,2500.00
ITEM-12895,ORD-01162,PRD-116,6,1000.00
ITEM-12896,ORD-01163,PRD-106,6,800.00
ITEM-12897,ORD-01163,PRD-115,4,220.00
ITEM-12898,ORD-01164,PRD-110,1,2000.00
ITEM-12899,ORD-01164,PRD-103,4,450.00
ITEM-12900,ORD-01165,PRD-108,2,1500.00
ITEM-12901,ORD-01165,PRD-106,10,800.00
ITEM-12902,ORD-01165,PRD-115,6,220.00
ITEM-12903,ORD-01165,PRD-117,3,350.00
ITEM-12904,ORD-01166,PRD-114,9,120.00
ITEM-12905,ORD-01167,PRD-120,9,3000.00
ITEM-12906,ORD-01168,PRD-113,7,500.00
ITEM-12907,ORD-01168,PRD-102,9,1200.00
ITEM-12908,ORD-01168,PRD-112,8,80.00
ITEM-12909,ORD-01169,PRD-106,6,800.00
ITEM-12910,ORD-01170,PRD-107,2,400.00
ITEM-12911,ORD-01170,PRD-109,8,600.00
ITEM-12912,ORD-01170,PRD-104,8,300.00
ITEM-12913,ORD-01170,PRD-111,4,150.00
ITEM-12914,ORD-01171,PRD-109,3,600.00
ITEM-12915,ORD-01171,PRD-119,3,2500.00
ITEM-12916,ORD-01171,PRD-120,9,3000.00
ITEM-12917,ORD-01171,PRD-102,5,1200.00
ITEM-12918,ORD-01172,PRD-110,8,2000.00
ITEM-12919,ORD-01172,PRD-106,8,800.00
ITEM-12920,ORD-01172,PRD-120,5,3000.00
ITEM-12921,ORD-01173,PRD-109,10,600.00
ITEM-12922,ORD-01173,PRD-108,5,1500.00
ITEM-12923,ORD-01173,PRD-101,3,2500.00
ITEM-12924,ORD-01173,PRD-107,10,400.00
ITEM-12925,ORD-01174,PRD-116,10,1000.00
ITEM-12926,ORD-01174,PRD-106,9,800.00
ITEM-12927,ORD-01174,PRD-112,6,80.00
ITEM-12928,ORD-01174,PRD-105,9,650.00
ITEM-12929,ORD-01175,PRD-106,2,800.00
ITEM-12930,ORD-01175,PRD-116,6,1000.00
ITEM-12931,ORD-01175,PRD-113,4,500.00
ITEM-12932,ORD-01175,PRD-101,5,2500.00
ITEM-12933,ORD-01176,PRD-107,6,400.00
ITEM-12934,ORD-01177,PRD-107,1,400.00
ITEM-12935,ORD-01177,PRD-112,7,80.00
ITEM-12936,ORD-01178,PRD-102,8,1200.00
ITEM-12937,ORD-01179,PRD-108,8,1500.00
ITEM-12938,ORD-01179,PRD-120,3,3000.00
ITEM-12939,ORD-01180,PRD-103,9,450.00
ITEM-12940,ORD-01180,PRD-105,5,650.00
ITEM-12941,ORD-01181,PRD-115,6,220.00
ITEM-12942,ORD-01181,PRD-104,2,300.00
ITEM-12943,ORD-01181,PRD-118,4,1200.00
ITEM-12944,ORD-01181,PRD-102,8,1200.00
ITEM-12945,ORD-01182,PRD-120,5,3000.00
ITEM-12946,ORD-01182,PRD-116,10,1000.00
ITEM-12947,ORD-01183,PRD-107,5,400.00
ITEM-12948,ORD-01183,PRD-119,7,2500.00
ITEM-12949,ORD-01183,PRD-115,10,220.00
ITEM-12950,ORD-01183,PRD-101,5,2500.00
ITEM-12951,ORD-01184,PRD-110,4,2000.00
ITEM-12952,ORD-01184,PRD-109,6,600.00
ITEM-12953,ORD-01184,PRD-118,5,1200.00
ITEM-12954,ORD-01185,PRD-116,6,1000.00
ITEM-12955,ORD-01185,PRD-101,9,2500.00
ITEM-12956,ORD-01186,PRD-104,9,300.00
ITEM-12957,ORD-01186,PRD-115,3,220.00
ITEM-12958,ORD-01186,PRD-111,4,150.00
ITEM-12959,ORD-01187,PRD-117,5,350.00
ITEM-12960,ORD-01187,PRD-116,10,1000.00
ITEM-12961,ORD-01187,PRD-104,4,300.00
ITEM-12962,ORD-01188,PRD-106,9,800.00
ITEM-12963,ORD-01188,PRD-120,8,3000.00
ITEM-12964,ORD-01188,PRD-119,10,2500.00
ITEM-12965,ORD-01188,PRD-111,7,150.00
ITEM-12966,ORD-01189,PRD-105,6,650.00
ITEM-12967,ORD-01189,PRD-110,6,2000.00
ITEM-12968,ORD-01189,PRD-111,8,150.00
ITEM-12969,ORD-01190,PRD-113,1,500.00
ITEM-12970,ORD-01191,PRD-101,5,2500.00
ITEM-12971,ORD-01191,PRD-107,5,400.00
ITEM-12972,ORD-01191,PRD-119,6,2500.00
ITEM-12973,ORD-01192,PRD-107,8,400.00
ITEM-12974,ORD-01192,PRD-117,5,350.00
ITEM-12975,ORD-01193,PRD-119,8,2500.00
ITEM-12976,ORD-01193,PRD-116,4,1000.00
ITEM-12977,ORD-01193,PRD-102,5,1200.00
ITEM-12978,ORD-01193,PRD-113,10,500.00
ITEM-12979,ORD-01194,PRD-118,5,1200.00
ITEM-12980,ORD-01194,PRD-112,2,80.00
ITEM-12981,ORD-01194,PRD-115,8,220.00
ITEM-12982,ORD-01195,PRD-105,9,650.00
ITEM-12983,ORD-01195,PRD-120,2,3000.00
ITEM-12984,ORD-01195,PRD-110,8,2000.00
ITEM-12985,ORD-01195,PRD-107,4,400.00
ITEM-12986,ORD-01196,PRD-101,6,2500.00
ITEM-12987,ORD-01196,PRD-105,6,650.00
ITEM-12988,ORD-01196,PRD-103,8,450.00
ITEM-12989,ORD-01197,PRD-111,5,150.00
ITEM-12990,ORD-01197,PRD-107,10,400.00
ITEM-12991,ORD-01197,PRD-109,1,600.00
ITEM-12992,ORD-01198,PRD-102,6,1200.00
ITEM-12993,ORD-01198,PRD-117,1,350.00
ITEM-12994,ORD-01198,PRD-120,10,3000.00
ITEM-12995,ORD-01198,PRD-119,7,2500.00
ITEM-12996,ORD-01199,PRD-119,2,2500.00
ITEM-12997,ORD-01199,PRD-111,10,150.00
ITEM-12998,ORD-01199,PRD-103,2,450.00
ITEM-12999,ORD-01200,PRD-119,8,2500.00
ITEM-13000,ORD-01201,PRD-115,3,220.00
ITEM-13001,ORD-01201,PRD-105,10,650.00
ITEM-13002,ORD-01201,PRD-111,6,150.00
ITEM-13003,ORD-01201,PRD-103,8,450.00
ITEM-13004,ORD-01202,PRD-113,10,500.00
ITEM-13005,ORD-01203,PRD-108,6,1500.00
ITEM-13006,ORD-01204,PRD-118,10,1200.00
ITEM-13007,ORD-01204,PRD-115,6,220.00
ITEM-13008,ORD-01204,PRD-107,10,400.00
ITEM-13009,ORD-01205,PRD-101,9,2500.00
ITEM-13010,ORD-01206,PRD-111,4,150.00
ITEM-13011,ORD-01206,PRD-108,5,1500.00
ITEM-13012,ORD-01206,PRD-107,3,400.00
ITEM-13013,ORD-01207,PRD-101,2,2500.00
ITEM-13014,ORD-01207,PRD-105,7,650.00
ITEM-13015,ORD-01207,PRD-115,1,220.00
ITEM-13016,ORD-01208,PRD-107,2,400.00
ITEM-13017,ORD-01208,PRD-120,3,3000.00
ITEM-13018,ORD-01208,PRD-113,9,500.00
ITEM-13019,ORD-01208,PRD-104,10,300.00
ITEM-13020,ORD-01209,PRD-120,4,3000.00
ITEM-13021,ORD-01209,PRD-112,4,80.00
ITEM-13022,ORD-01209,PRD-111,2,150.00
ITEM-13023,ORD-01209,PRD-114,9,120.00
ITEM-13024,ORD-01210,PRD-101,7,2500.00
ITEM-13025,ORD-01211,PRD-114,5,120.00
ITEM-13026,ORD-01212,PRD-101,3,2500.00
ITEM-13027,ORD-01212,PRD-109,4,600.00
ITEM-13028,ORD-01212,PRD-111,3,150.00
ITEM-13029,ORD-01212,PRD-102,10,1200.00
ITEM-13030,ORD-01213,PRD-102,6,1200.00
ITEM-13031,ORD-01213,PRD-120,10,3000.00
ITEM-13032,ORD-01213,PRD-107,7,400.00
ITEM-13033,ORD-01213,PRD-110,3,2000.00
ITEM-13034,ORD-01214,PRD-112,3,80.00
ITEM-13035,ORD-01214,PRD-104,1,300.00
ITEM-13036,ORD-01215,PRD-120,1,3000.00
ITEM-13037,ORD-01215,PRD-111,6,150.00
ITEM-13038,ORD-01215,PRD-101,1,2500.00
ITEM-13039,ORD-01216,PRD-118,7,1200.00
ITEM-13040,ORD-01217,PRD-103,2,450.00
ITEM-13041,ORD-01217,PRD-114,2,120.00
ITEM-13042,ORD-01218,PRD-105,8,650.00
ITEM-13043,ORD-01218,PRD-101,5,2500.00
ITEM-13044,ORD-01218,PRD-110,3,2000.00
ITEM-13045,ORD-01218,PRD-116,6,1000.00
ITEM-13046,ORD-01219,PRD-116,4,1000.00
ITEM-13047,ORD-01219,PRD-119,9,2500.00
ITEM-13048,ORD-01219,PRD-107,3,400.00
ITEM-13049,ORD-01219,PRD-105,3,650.00
ITEM-13050,ORD-01220,PRD-110,5,2000.00
ITEM-13051,ORD-01220,PRD-104,3,300.00
ITEM-13052,ORD-01220,PRD-108,5,1500.00
ITEM-13053,ORD-01220,PRD-118,6,1200.00
ITEM-13054,ORD-01221,PRD-105,6,650.00
ITEM-13055,ORD-01221,PRD-111,3,150.00
ITEM-13056,ORD-01221,PRD-114,10,120.00
ITEM-13057,ORD-01222,PRD-101,1,2500.00
ITEM-13058,ORD-01222,PRD-105,4,650.00
ITEM-13059,ORD-01223,PRD-112,4,80.00
ITEM-13060,ORD-01223,PRD-107,8,400.00
ITEM-13061,ORD-01223,PRD-113,10,500.00
ITEM-13062,ORD-01223,PRD-115,5,220.00
ITEM-13063,ORD-01224,PRD-111,6,150.00
ITEM-13064,ORD-01224,PRD-106,8,800.00
ITEM-13065,ORD-01224,PRD-109,9,600.00
ITEM-13066,ORD-01225,PRD-103,1,450.00
ITEM-13067,ORD-01225,PRD-112,9,80.00
ITEM-13068,ORD-01225,PRD-114,3,120.00
ITEM-13069,ORD-01226,PRD-105,8,650.00
ITEM-13070,ORD-01226,PRD-112,7,80.00
ITEM-13071,ORD-01226,PRD-110,9,2000.00
ITEM-13072,ORD-01227,PRD-105,1,650.00
ITEM-13073,ORD-01227,PRD-108,4,1500.00
ITEM-13074,ORD-01228,PRD-118,6,1200.00
ITEM-13075,ORD-01229,PRD-112,2,80.00
ITEM-13076,ORD-01229,PRD-106,3,800.00
ITEM-13077,ORD-01230,PRD-107,5,400.00
ITEM-13078,ORD-01230,PRD-109,7,600.00
ITEM-13079,ORD-01230,PRD-102,9,1200.00
ITEM-13080,ORD-01230,PRD-113,7,500.00
ITEM-13081,ORD-01231,PRD-103,5,450.00
ITEM-13082,ORD-01232,PRD-102,7,1200.00
ITEM-13083,ORD-01233,PRD-106,4,800.00
ITEM-13084,ORD-01233,PRD-114,6,120.00
ITEM-13085,ORD-01233,PRD-113,2,500.00
ITEM-13086,ORD-01233,PRD-107,4,400.00
ITEM-13087,ORD-01234,PRD-107,3,400.00
ITEM-13088,ORD-01234,PRD-115,5,220.00
ITEM-13089,ORD-01235,PRD-120,8,3000.00
ITEM-13090,ORD-01236,PRD-105,1,650.00
ITEM-13091,ORD-01236,PRD-103,7,450.00
ITEM-13092,ORD-01236,PRD-111,5,150.00
ITEM-13093,ORD-01236,PRD-109,2,600.00
ITEM-13094,ORD-01237,PRD-110,2,2000.00
ITEM-13095,ORD-01237,PRD-108,10,1500.00
ITEM-13096,ORD-01237,PRD-117,10,350.00
ITEM-13097,ORD-01237,PRD-104,6,300.00
ITEM-13098,ORD-01238,PRD-102,5,1200.00
ITEM-13099,ORD-01238,PRD-104,9,300.00
ITEM-13100,ORD-01238,PRD-109,6,600.00
ITEM-13101,ORD-01238,PRD-118,7,1200.00
ITEM-13102,ORD-01239,PRD-108,10,1500.00
ITEM-13103,ORD-01239,PRD-119,7,2500.00
ITEM-13104,ORD-01239,PRD-116,5,1000.00
ITEM-13105,ORD-01239,PRD-120,2,3000.00
ITEM-13106,ORD-01240,PRD-102,2,1200.00
ITEM-13107,ORD-01240,PRD-104,4,300.00
ITEM-13108,ORD-01240,PRD-119,6,2500.00
ITEM-13109,ORD-01240,PRD-118,10,1200.00
ITEM-13110,ORD-01241,PRD-115,7,220.00
ITEM-13111,ORD-01241,PRD-119,7,2500.00
ITEM-13112,ORD-01241,PRD-117,1,350.00
ITEM-13113,ORD-01241,PRD-102,4,1200.00
ITEM-13114,ORD-01242,PRD-110,7,2000.00
ITEM-13115,ORD-01243,PRD-112,8,80.00
ITEM-13116,ORD-01243,PRD-108,1,1500.00
ITEM-13117,ORD-01243,PRD-109,6,600.00
ITEM-13118,ORD-01244,PRD-118,6,1200.00
ITEM-13119,ORD-01244,PRD-120,7,3000.00
ITEM-13120,ORD-01245,PRD-120,6,3000.00
ITEM-13121,ORD-01245,PRD-118,5,1200.00
ITEM-13122,ORD-01245,PRD-108,2,1500.00
ITEM-13123,ORD-01246,PRD-113,5,500.00
ITEM-13124,ORD-01246,PRD-107,8,400.00
ITEM-13125,ORD-01247,PRD-111,2,150.00
ITEM-13126,ORD-01247,PRD-101,4,2500.00
ITEM-13127,ORD-01248,PRD-118,7,1200.00
ITEM-13128,ORD-01248,PRD-120,10,3000.00
ITEM-13129,ORD-01248,PRD-106,2,800.00
ITEM-13130,ORD-01249,PRD-109,7,600.00
ITEM-13131,ORD-01249,PRD-105,3,650.00
ITEM-13132,ORD-01249,PRD-111,7,150.00
ITEM-13133,ORD-01249,PRD-112,2,80.00
ITEM-13134,ORD-01250,PRD-115,4,220.00
ITEM-13135,ORD-01250,PRD-102,9,1200.00
ITEM-13136,ORD-01251,PRD-108,8,1500.00
ITEM-13137,ORD-01251,PRD-120,4,3000.00
ITEM-13138,ORD-01252,PRD-115,7,220.00
ITEM-13139,ORD-01252,PRD-114,3,120.00
ITEM-13140,ORD-01252,PRD-118,9,1200.00
ITEM-13141,ORD-01252,PRD-107,10,400.00
ITEM-13142,ORD-01253,PRD-112,6,80.00
ITEM-13143,ORD-01253,PRD-109,6,600.00
ITEM-13144,ORD-01253,PRD-114,4,120.00
ITEM-13145,ORD-01254,PRD-111,9,150.00
ITEM-13146,ORD-01254,PRD-108,10,1500.00
ITEM-13147,ORD-01255,PRD-104,9,300.00
ITEM-13148,ORD-01255,PRD-108,4,1500.00
ITEM-13149,ORD-01255,PRD-112,8,80.00
ITEM-13150,ORD-01256,PRD-119,1,2500.00
ITEM-13151,ORD-01256,PRD-114,9,120.00
ITEM-13152,ORD-01256,PRD-103,8,450.00
ITEM-13153,ORD-01256,PRD-106,9,800.00
ITEM-13154,ORD-01257,PRD-112,2,80.00
ITEM-13155,ORD-01258,PRD-120,8,3000.00
ITEM-13156,ORD-01259,PRD-110,4,2000.00
ITEM-13157,ORD-01259,PRD-118,10,1200.00
ITEM-13158,ORD-01259,PRD-120,9,3000.00
ITEM-13159,ORD-01259,PRD-111,7,150.00
ITEM-13160,ORD-01260,PRD-112,10,80.00
ITEM-13161,ORD-01261,PRD-107,10,400.00
ITEM-13162,ORD-01261,PRD-108,3,1500.00
ITEM-13163,ORD-01262,PRD-111,2,150.00
ITEM-13164,ORD-01263,PRD-114,6,120.00
ITEM-13165,ORD-01263,PRD-113,3,500.00
ITEM-13166,ORD-01263,PRD-116,2,1000.00
ITEM-13167,ORD-01263,PRD-105,5,650.00
ITEM-13168,ORD-01264,PRD-103,4,450.00
ITEM-13169,ORD-01264,PRD-106,4,800.00
ITEM-13170,ORD-01264,PRD-109,6,600.00
ITEM-13171,ORD-01264,PRD-113,2,500.00
ITEM-13172,ORD-01265,PRD-118,1,1200.00
ITEM-13173,ORD-01266,PRD-101,6,2500.00
ITEM-13174,ORD-01267,PRD-103,10,450.00
ITEM-13175,ORD-01267,PRD-106,8,800.00
ITEM-13176,ORD-01267,PRD-107,3,400.00
ITEM-13177,ORD-01268,PRD-120,10,3000.00
ITEM-13178,ORD-01268,PRD-112,3,80.00
ITEM-13179,ORD-01269,PRD-120,1,3000.00
ITEM-13180,ORD-01270,PRD-106,3,800.00
ITEM-13181,ORD-01270,PRD-119,2,2500.00
ITEM-13182,ORD-01270,PRD-117,8,350.00
ITEM-13183,ORD-01271,PRD-118,9,1200.00
ITEM-13184,ORD-01271,PRD-113,2,500.00
ITEM-13185,ORD-01271,PRD-115,6,220.00
ITEM-13186,ORD-01271,PRD-104,4,300.00
ITEM-13187,ORD-01272,PRD-113,6,500.00
ITEM-13188,ORD-01272,PRD-102,1,1200.00
ITEM-13189,ORD-01273,PRD-117,2,350.00
ITEM-13190,ORD-01274,PRD-118,3,1200.00
ITEM-13191,ORD-01274,PRD-107,8,400.00
ITEM-13192,ORD-01274,PRD-110,4,2000.00
ITEM-13193,ORD-01274,PRD-111,5,150.00
ITEM-13194,ORD-01275,PRD-116,2,1000.00
ITEM-13195,ORD-01276,PRD-110,4,2000.00
ITEM-13196,ORD-01276,PRD-102,2,1200.00
ITEM-13197,ORD-01276,PRD-117,5,350.00
ITEM-13198,ORD-01276,PRD-119,10,2500.00
ITEM-13199,ORD-01277,PRD-118,1,1200.00
ITEM-13200,ORD-01278,PRD-114,9,120.00
ITEM-13201,ORD-01279,PRD-107,2,400.00
ITEM-13202,ORD-01280,PRD-116,10,1000.00
ITEM-13203,ORD-01280,PRD-107,10,400.00
ITEM-13204,ORD-01281,PRD-110,1,2000.00
ITEM-13205,ORD-01282,PRD-112,1,80.00
ITEM-13206,ORD-01282,PRD-113,3,500.00
ITEM-13207,ORD-01283,PRD-119,7,2500.00
ITEM-13208,ORD-01283,PRD-110,1,2000.00
ITEM-13209,ORD-01283,PRD-107,7,400.00
ITEM-13210,ORD-01283,PRD-109,7,600.00
ITEM-13211,ORD-01284,PRD-120,1,3000.00
ITEM-13212,ORD-01284,PRD-101,8,2500.00
ITEM-13213,ORD-01284,PRD-113,3,500.00
ITEM-13214,ORD-01285,PRD-103,3,450.00
ITEM-13215,ORD-01285,PRD-106,5,800.00
ITEM-13216,ORD-01285,PRD-118,7,1200.00
ITEM-13217,ORD-01285,PRD-111,5,150.00
ITEM-13218,ORD-01286,PRD-104,7,300.00
ITEM-13219,ORD-01287,PRD-117,8,350.00
ITEM-13220,ORD-01287,PRD-102,8,1200.00
ITEM-13221,ORD-01288,PRD-103,4,450.00
ITEM-13222,ORD-01288,PRD-120,7,3000.00
ITEM-13223,ORD-01289,PRD-117,4,350.00
ITEM-13224,ORD-01290,PRD-109,8,600.00
ITEM-13225,ORD-01290,PRD-106,4,800.00
ITEM-13226,ORD-01290,PRD-112,1,80.00
ITEM-13227,ORD-01291,PRD-108,3,1500.00
ITEM-13228,ORD-01292,PRD-103,9,450.00
ITEM-13229,ORD-01292,PRD-108,3,1500.00
ITEM-13230,ORD-01292,PRD-117,3,350.00
ITEM-13231,ORD-01292,PRD-110,9,2000.00
ITEM-13232,ORD-01293,PRD-120,3,3000.00
ITEM-13233,ORD-01294,PRD-101,1,2500.00
ITEM-13234,ORD-01294,PRD-113,10,500.00
ITEM-13235,ORD-01295,PRD-119,9,2500.00
ITEM-13236,ORD-01296,PRD-110,8,2000.00
ITEM-13237,ORD-01296,PRD-113,10,500.00
ITEM-13238,ORD-01296,PRD-115,5,220.00
ITEM-13239,ORD-01296,PRD-108,6,1500.00
ITEM-13240,ORD-01297,PRD-105,3,650.00
ITEM-13241,ORD-01297,PRD-110,7,2000.00
ITEM-13242,ORD-01298,PRD-105,7,650.00
ITEM-13243,ORD-01298,PRD-102,9,1200.00
ITEM-13244,ORD-01298,PRD-115,4,220.00
ITEM-13245,ORD-01299,PRD-114,7,120.00
ITEM-13246,ORD-01299,PRD-115,8,220.00
ITEM-13247,ORD-01299,PRD-119,6,2500.00
ITEM-13248,ORD-01299,PRD-118,6,1200.00
ITEM-13249,ORD-01300,PRD-108,4,1500.00
ITEM-13250,ORD-01300,PRD-107,10,400.00
ITEM-13251,ORD-01301,PRD-112,3,80.00
ITEM-13252,ORD-01301,PRD-110,8,2000.00
ITEM-13253,ORD-01301,PRD-107,2,400.00
ITEM-13254,ORD-01301,PRD-113,9,500.00
ITEM-13255,ORD-01302,PRD-111,3,150.00
ITEM-13256,ORD-01302,PRD-118,7,1200.00
ITEM-13257,ORD-01303,PRD-113,3,500.00
ITEM-13258,ORD-01303,PRD-119,5,2500.00
ITEM-13259,ORD-01304,PRD-114,8,120.00
ITEM-13260,ORD-01304,PRD-111,4,150.00
ITEM-13261,ORD-01305,PRD-104,2,300.00
ITEM-13262,ORD-01306,PRD-103,4,450.00
ITEM-13263,ORD-01306,PRD-111,3,150.00
ITEM-13264,ORD-01306,PRD-112,4,80.00
ITEM-13265,ORD-01307,PRD-116,5,1000.00
ITEM-13266,ORD-01307,PRD-111,2,150.00
ITEM-13267,ORD-01307,PRD-106,9,800.00
ITEM-13268,ORD-01307,PRD-110,3,2000.00
ITEM-13269,ORD-01308,PRD-106,5,800.00
ITEM-13270,ORD-01308,PRD-118,4,1200.00
ITEM-13271,ORD-01308,PRD-119,2,2500.00
ITEM-13272,ORD-01308,PRD-116,3,1000.00
ITEM-13273,ORD-01309,PRD-113,10,500.00
ITEM-13274,ORD-01309,PRD-116,6,1000.00
ITEM-13275,ORD-01309,PRD-106,8,800.00
ITEM-13276,ORD-01309,PRD-101,10,2500.00
ITEM-13277,ORD-01310,PRD-111,2,150.00
ITEM-13278,ORD-01310,PRD-103,3,450.00
ITEM-13279,ORD-01310,PRD-112,3,80.00
ITEM-13280,ORD-01311,PRD-111,2,150.00
ITEM-13281,ORD-01311,PRD-110,6,2000.00
ITEM-13282,ORD-01312,PRD-112,4,80.00
ITEM-13283,ORD-01312,PRD-109,9,600.00
ITEM-13284,ORD-01313,PRD-108,5,1500.00
ITEM-13285,ORD-01314,PRD-103,3,450.00
ITEM-13286,ORD-01314,PRD-111,10,150.00
ITEM-13287,ORD-01314,PRD-118,1,1200.00
ITEM-13288,ORD-01314,PRD-102,10,1200.00
ITEM-13289,ORD-01315,PRD-113,6,500.00
ITEM-13290,ORD-01315,PRD-102,6,1200.00
ITEM-13291,ORD-01315,PRD-109,9,600.00
ITEM-13292,ORD-01315,PRD-120,7,3000.00
ITEM-13293,ORD-01316,PRD-118,5,1200.00
ITEM-13294,ORD-01316,PRD-107,5,400.00
ITEM-13295,ORD-01316,PRD-116,2,1000.00
ITEM-13296,ORD-01317,PRD-101,3,2500.00
ITEM-13297,ORD-01318,PRD-119,2,2500.00
ITEM-13298,ORD-01318,PRD-108,2,1500.00
ITEM-13299,ORD-01319,PRD-105,10,650.00
ITEM-13300,ORD-01320,PRD-102,3,1200.00
ITEM-13301,ORD-01321,PRD-114,4,120.00
ITEM-13302,ORD-01322,PRD-116,8,1000.00
ITEM-13303,ORD-01322,PRD-107,10,400.00
ITEM-13304,ORD-01323,PRD-115,3,220.00
ITEM-13305,ORD-01324,PRD-105,2,650.00
ITEM-13306,ORD-01324,PRD-118,2,1200.00
ITEM-13307,ORD-01324,PRD-107,4,400.00
ITEM-13308,ORD-01325,PRD-120,5,3000.00
ITEM-13309,ORD-01325,PRD-114,4,120.00
ITEM-13310,ORD-01325,PRD-117,7,350.00
ITEM-13311,ORD-01326,PRD-110,1,2000.00
ITEM-13312,ORD-01326,PRD-106,2,800.00
ITEM-13313,ORD-01326,PRD-103,8,450.00
ITEM-13314,ORD-01327,PRD-115,1,220.00
ITEM-13315,ORD-01328,PRD-119,5,2500.00
ITEM-13316,ORD-01329,PRD-116,6,1000.00
ITEM-13317,ORD-01329,PRD-110,9,2000.00
ITEM-13318,ORD-01329,PRD-120,4,3000.00
ITEM-13319,ORD-01330,PRD-115,8,220.00
ITEM-13320,ORD-01330,PRD-120,8,3000.00
ITEM-13321,ORD-01330,PRD-111,8,150.00
ITEM-13322,ORD-01330,PRD-113,3,500.00
ITEM-13323,ORD-01331,PRD-113,6,500.00
ITEM-13324,ORD-01331,PRD-105,1,650.00
ITEM-13325,ORD-01331,PRD-120,7,3000.00
ITEM-13326,ORD-01332,PRD-101,7,2500.00
ITEM-13327,ORD-01333,PRD-113,4,500.00
ITEM-13328,ORD-01333,PRD-106,4,800.00
ITEM-13329,ORD-01333,PRD-110,8,2000.00
ITEM-13330,ORD-01333,PRD-109,10,600.00
ITEM-13331,ORD-01334,PRD-102,6,1200.00
ITEM-13332,ORD-01334,PRD-112,8,80.00
ITEM-13333,ORD-01334,PRD-104,10,300.00
ITEM-13334,ORD-01334,PRD-103,5,450.00
ITEM-13335,ORD-01335,PRD-116,6,1000.00
ITEM-13336,ORD-01335,PRD-101,5,2500.00
ITEM-13337,ORD-01335,PRD-110,10,2000.00
ITEM-13338,ORD-01335,PRD-106,7,800.00
ITEM-13339,ORD-01336,PRD-105,2,650.00
ITEM-13340,ORD-01336,PRD-112,1,80.00
ITEM-13341,ORD-01336,PRD-116,8,1000.00
ITEM-13342,ORD-01337,PRD-111,5,150.00
ITEM-13343,ORD-01337,PRD-116,9,1000.00
ITEM-13344,ORD-01338,PRD-119,4,2500.00
ITEM-13345,ORD-01338,PRD-108,8,1500.00
ITEM-13346,ORD-01338,PRD-120,10,3000.00
ITEM-13347,ORD-01339,PRD-105,8,650.00
ITEM-13348,ORD-01339,PRD-111,8,150.00
ITEM-13349,ORD-01339,PRD-103,10,450.00
ITEM-13350,ORD-01339,PRD-117,5,350.00
ITEM-13351,ORD-01340,PRD-112,8,80.00
ITEM-13352,ORD-01340,PRD-102,4,1200.00
ITEM-13353,ORD-01341,PRD-118,8,1200.00
ITEM-13354,ORD-01341,PRD-105,6,650.00
ITEM-13355,ORD-01341,PRD-109,10,600.00
ITEM-13356,ORD-01341,PRD-111,9,150.00
ITEM-13357,ORD-01342,PRD-110,1,2000.00
ITEM-13358,ORD-01343,PRD-101,3,2500.00
ITEM-13359,ORD-01343,PRD-110,5,2000.00
ITEM-13360,ORD-01343,PRD-109,1,600.00
ITEM-13361,ORD-01343,PRD-107,1,400.00
ITEM-13362,ORD-01344,PRD-113,6,500.00
ITEM-13363,ORD-01344,PRD-118,2,1200.00
ITEM-13364,ORD-01344,PRD-106,5,800.00
ITEM-13365,ORD-01344,PRD-115,8,220.00
ITEM-13366,ORD-01345,PRD-119,6,2500.00
ITEM-13367,ORD-01345,PRD-105,1,650.00
ITEM-13368,ORD-01346,PRD-111,9,150.00
ITEM-13369,ORD-01346,PRD-113,1,500.00
ITEM-13370,ORD-01347,PRD-110,6,2000.00
ITEM-13371,ORD-01348,PRD-116,2,1000.00
ITEM-13372,ORD-01348,PRD-103,3,450.00
ITEM-13373,ORD-01349,PRD-103,6,450.00
ITEM-13374,ORD-01349,PRD-112,6,80.00
ITEM-13375,ORD-01350,PRD-118,7,1200.00
ITEM-13376,ORD-01350,PRD-102,3,1200.00
ITEM-13377,ORD-01350,PRD-117,9,350.00
ITEM-13378,ORD-01350,PRD-114,2,120.00
ITEM-13379,ORD-01351,PRD-108,9,1500.00
ITEM-13380,ORD-01351,PRD-102,1,1200.00
ITEM-13381,ORD-01352,PRD-108,4,1500.00
ITEM-13382,ORD-01353,PRD-101,1,2500.00
ITEM-13383,ORD-01353,PRD-117,7,350.00
ITEM-13384,ORD-01353,PRD-110,9,2000.00
ITEM-13385,ORD-01353,PRD-116,2,1000.00
ITEM-13386,ORD-01354,PRD-101,9,2500.00
ITEM-13387,ORD-01354,PRD-112,3,80.00
ITEM-13388,ORD-01354,PRD-103,7,450.00
ITEM-13389,ORD-01354,PRD-119,4,2500.00
ITEM-13390,ORD-01355,PRD-109,9,600.00
ITEM-13391,ORD-01355,PRD-118,7,1200.00
ITEM-13392,ORD-01355,PRD-112,3,80.00
ITEM-13393,ORD-01356,PRD-113,8,500.00
ITEM-13394,ORD-01356,PRD-104,1,300.00
ITEM-13395,ORD-01356,PRD-110,8,2000.00
ITEM-13396,ORD-01357,PRD-104,4,300.00
ITEM-13397,ORD-01357,PRD-107,10,400.00
ITEM-13398,ORD-01357,PRD-119,5,2500.00
ITEM-13399,ORD-01357,PRD-110,6,2000.00
ITEM-13400,ORD-01358,PRD-107,5,400.00
ITEM-13401,ORD-01358,PRD-117,1,350.00
ITEM-13402,ORD-01358,PRD-101,4,2500.00
ITEM-13403,ORD-01359,PRD-111,8,150.00
ITEM-13404,ORD-01359,PRD-115,8,220.00
ITEM-13405,ORD-01359,PRD-113,9,500.00
ITEM-13406,ORD-01359,PRD-106,10,800.00
ITEM-13407,ORD-01360,PRD-101,10,2500.00
ITEM-13408,ORD-01361,PRD-113,1,500.00
ITEM-13409,ORD-01361,PRD-119,6,2500.00
ITEM-13410,ORD-01361,PRD-106,4,800.00
ITEM-13411,ORD-01361,PRD-104,4,300.00
ITEM-13412,ORD-01362,PRD-110,1,2000.00
ITEM-13413,ORD-01363,PRD-101,8,2500.00
ITEM-13414,ORD-01364,PRD-119,1,2500.00
ITEM-13415,ORD-01364,PRD-118,10,1200.00
ITEM-13416,ORD-01364,PRD-109,8,600.00
ITEM-13417,ORD-01364,PRD-120,2,3000.00
ITEM-13418,ORD-01365,PRD-102,8,1200.00
ITEM-13419,ORD-01366,PRD-103,5,450.00
ITEM-13420,ORD-01367,PRD-107,1,400.00
ITEM-13421,ORD-01367,PRD-108,1,1500.00
ITEM-13422,ORD-01367,PRD-115,10,220.00
ITEM-13423,ORD-01368,PRD-110,6,2000.00
ITEM-13424,ORD-01369,PRD-112,9,80.00
ITEM-13425,ORD-01369,PRD-120,9,3000.00
ITEM-13426,ORD-01370,PRD-119,6,2500.00
ITEM-13427,ORD-01370,PRD-113,8,500.00
ITEM-13428,ORD-01371,PRD-112,3,80.00
ITEM-13429,ORD-01371,PRD-114,6,120.00
ITEM-13430,ORD-01371,PRD-103,6,450.00
ITEM-13431,ORD-01371,PRD-109,8,600.00
ITEM-13432,ORD-01372,PRD-117,9,350.00
ITEM-13433,ORD-01372,PRD-105,3,650.00
ITEM-13434,ORD-01372,PRD-111,10,150.00
ITEM-13435,ORD-01373,PRD-117,9,350.00
ITEM-13436,ORD-01374,PRD-108,8,1500.00
ITEM-13437,ORD-01374,PRD-111,2,150.00
ITEM-13438,ORD-01375,PRD-108,2,1500.00
ITEM-13439,ORD-01375,PRD-119,4,2500.00
ITEM-13440,ORD-01375,PRD-112,8,80.00
ITEM-13441,ORD-01375,PRD-114,3,120.00
ITEM-13442,ORD-01376,PRD-103,4,450.00
ITEM-13443,ORD-01376,PRD-110,7,2000.00
ITEM-13444,ORD-01377,PRD-101,1,2500.00
ITEM-13445,ORD-01378,PRD-103,5,450.00
ITEM-13446,ORD-01379,PRD-101,6,2500.00
ITEM-13447,ORD-01379,PRD-110,4,2000.00
ITEM-13448,ORD-01379,PRD-111,5,150.00
ITEM-13449,ORD-01379,PRD-113,7,500.00
ITEM-13450,ORD-01380,PRD-102,1,1200.00
ITEM-13451,ORD-01380,PRD-116,5,1000.00
ITEM-13452,ORD-01380,PRD-111,8,150.00
ITEM-13453,ORD-01380,PRD-112,7,80.00
ITEM-13454,ORD-01381,PRD-116,1,1000.00
ITEM-13455,ORD-01381,PRD-101,8,2500.00
ITEM-13456,ORD-01381,PRD-113,2,500.00
ITEM-13457,ORD-01382,PRD-115,7,220.00
ITEM-13458,ORD-01383,PRD-110,4,2000.00
ITEM-13459,ORD-01383,PRD-118,10,1200.00
ITEM-13460,ORD-01383,PRD-115,7,220.00
ITEM-13461,ORD-01384,PRD-117,8,350.00
ITEM-13462,ORD-01385,PRD-118,9,1200.00
ITEM-13463,ORD-01385,PRD-102,8,1200.00
ITEM-13464,ORD-01385,PRD-109,3,600.00
ITEM-13465,ORD-01385,PRD-104,8,300.00
ITEM-13466,ORD-01386,PRD-104,8,300.00
ITEM-13467,ORD-01386,PRD-105,8,650.00
ITEM-13468,ORD-01386,PRD-103,4,450.00
ITEM-13469,ORD-01386,PRD-107,1,400.00
ITEM-13470,ORD-01387,PRD-106,10,800.00
ITEM-13471,ORD-01387,PRD-108,8,1500.00
ITEM-13472,ORD-01387,PRD-111,4,150.00
ITEM-13473,ORD-01388,PRD-120,1,3000.00
ITEM-13474,ORD-01388,PRD-119,8,2500.00
ITEM-13475,ORD-01389,PRD-118,8,1200.00
ITEM-13476,ORD-01389,PRD-104,1,300.00
ITEM-13477,ORD-01389,PRD-114,5,120.00
ITEM-13478,ORD-01390,PRD-109,6,600.00
ITEM-13479,ORD-01391,PRD-101,3,2500.00
ITEM-13480,ORD-01392,PRD-118,2,1200.00
ITEM-13481,ORD-01392,PRD-109,3,600.00
ITEM-13482,ORD-01392,PRD-116,10,1000.00
ITEM-13483,ORD-01393,PRD-110,7,2000.00
ITEM-13484,ORD-01393,PRD-105,1,650.00
ITEM-13485,ORD-01394,PRD-119,5,2500.00
ITEM-13486,ORD-01394,PRD-117,3,350.00
ITEM-13487,ORD-01394,PRD-101,6,2500.00
ITEM-13488,ORD-01395,PRD-116,7,1000.00
ITEM-13489,ORD-01395,PRD-107,9,400.00
ITEM-13490,ORD-01395,PRD-104,9,300.00
ITEM-13491,ORD-01395,PRD-106,2,800.00
ITEM-13492,ORD-01396,PRD-116,9,1000.00
ITEM-13493,ORD-01397,PRD-108,1,1500.00
ITEM-13494,ORD-01397,PRD-109,7,600.00
ITEM-13495,ORD-01397,PRD-114,1,120.00
ITEM-13496,ORD-01398,PRD-113,3,500.00
ITEM-13497,ORD-01398,PRD-115,8,220.00
ITEM-13498,ORD-01398,PRD-108,10,1500.00
ITEM-13499,ORD-01399,PRD-108,5,1500.00
ITEM-13500,ORD-01399,PRD-117,8,350.00
ITEM-13501,ORD-01400,PRD-105,1,650.00
ITEM-13502,ORD-01401,PRD-110,5,2000.00
ITEM-13503,ORD-01401,PRD-118,8,1200.00
ITEM-13504,ORD-01401,PRD-111,9,150.00
ITEM-13505,ORD-01402,PRD-116,2,1000.00
ITEM-13506,ORD-01402,PRD-111,8,150.00
ITEM-13507,ORD-01403,PRD-109,10,600.00
ITEM-13508,ORD-01403,PRD-120,9,3000.00
ITEM-13509,ORD-01403,PRD-110,4,2000.00
ITEM-13510,ORD-01404,PRD-107,7,400.00
ITEM-13511,ORD-01404,PRD-111,5,150.00
ITEM-13512,ORD-01404,PRD-117,5,350.00
ITEM-13513,ORD-01405,PRD-110,6,2000.00
ITEM-13514,ORD-01405,PRD-107,9,400.00
ITEM-13515,ORD-01406,PRD-104,4,300.00
ITEM-13516,ORD-01406,PRD-110,4,2000.00
ITEM-13517,ORD-01407,PRD-113,5,500.00
ITEM-13518,ORD-01407,PRD-116,10,1000.00
ITEM-13519,ORD-01408,PRD-109,2,600.00
ITEM-13520,ORD-01409,PRD-116,10,1000.00
ITEM-13521,ORD-01409,PRD-115,5,220.00
ITEM-13522,ORD-01409,PRD-118,9,1200.00
ITEM-13523,ORD-01410,PRD-120,7,3000.00
ITEM-13524,ORD-01410,PRD-104,6,300.00
ITEM-13525,ORD-01410,PRD-116,2,1000.00
ITEM-13526,ORD-01410,PRD-114,3,120.00
ITEM-13527,ORD-01411,PRD-103,5,450.00
ITEM-13528,ORD-01412,PRD-107,2,400.00
ITEM-13529,ORD-01412,PRD-102,6,1200.00
ITEM-13530,ORD-01412,PRD-119,10,2500.00
ITEM-13531,ORD-01412,PRD-101,5,2500.00
ITEM-13532,ORD-01413,PRD-118,3,1200.00
ITEM-13533,ORD-01413,PRD-112,1,80.00
ITEM-13534,ORD-01413,PRD-108,9,1500.00
ITEM-13535,ORD-01414,PRD-118,3,1200.00
ITEM-13536,ORD-01414,PRD-101,2,2500.00
ITEM-13537,ORD-01415,PRD-108,7,1500.00
ITEM-13538,ORD-01416,PRD-109,1,600.00
ITEM-13539,ORD-01416,PRD-104,4,300.00
ITEM-13540,ORD-01417,PRD-107,7,400.00
ITEM-13541,ORD-01417,PRD-108,8,1500.00
ITEM-13542,ORD-01417,PRD-104,8,300.00
ITEM-13543,ORD-01417,PRD-103,3,450.00
ITEM-13544,ORD-01418,PRD-116,9,1000.00
ITEM-13545,ORD-01418,PRD-114,6,120.00
ITEM-13546,ORD-01419,PRD-120,2,3000.00
ITEM-13547,ORD-01419,PRD-107,10,400.00
ITEM-13548,ORD-01419,PRD-112,7,80.00
ITEM-13549,ORD-01419,PRD-105,3,650.00
ITEM-13550,ORD-01420,PRD-108,7,1500.00
ITEM-13551,ORD-01420,PRD-110,10,2000.00
ITEM-13552,ORD-01420,PRD-120,8,3000.00
ITEM-13553,ORD-01421,PRD-115,1,220.00
ITEM-13554,ORD-01422,PRD-114,7,120.00
ITEM-13555,ORD-01422,PRD-115,5,220.00
ITEM-13556,ORD-01422,PRD-120,6,3000.00
ITEM-13557,ORD-01422,PRD-103,4,450.00
ITEM-13558,ORD-01423,PRD-119,10,2500.00
ITEM-13559,ORD-01423,PRD-117,9,350.00
ITEM-13560,ORD-01424,PRD-106,2,800.00
ITEM-13561,ORD-01425,PRD-105,5,650.00
ITEM-13562,ORD-01425,PRD-110,3,2000.00
ITEM-13563,ORD-01425,PRD-120,4,3000.00
ITEM-13564,ORD-01425,PRD-114,7,120.00
ITEM-13565,ORD-01426,PRD-119,3,2500.00
ITEM-13566,ORD-01427,PRD-101,10,2500.00
ITEM-13567,ORD-01427,PRD-107,2,400.00
ITEM-13568,ORD-01428,PRD-115,9,220.00
ITEM-13569,ORD-01429,PRD-101,3,2500.00
ITEM-13570,ORD-01429,PRD-111,5,150.00
ITEM-13571,ORD-01430,PRD-105,3,650.00
ITEM-13572,ORD-01430,PRD-106,3,800.00
ITEM-13573,ORD-01430,PRD-102,4,1200.00
ITEM-13574,ORD-01430,PRD-116,10,1000.00
ITEM-13575,ORD-01431,PRD-104,3,300.00
ITEM-13576,ORD-01431,PRD-108,10,1500.00
ITEM-13577,ORD-01432,PRD-117,9,350.00
ITEM-13578,ORD-01432,PRD-116,8,1000.00
ITEM-13579,ORD-01432,PRD-113,9,500.00
ITEM-13580,ORD-01432,PRD-118,6,1200.00
ITEM-13581,ORD-01433,PRD-117,3,350.00
ITEM-13582,ORD-01433,PRD-116,1,1000.00
ITEM-13583,ORD-01434,PRD-120,7,3000.00
ITEM-13584,ORD-01435,PRD-107,3,400.00
ITEM-13585,ORD-01435,PRD-101,8,2500.00
ITEM-13586,ORD-01435,PRD-120,10,3000.00
ITEM-13587,ORD-01435,PRD-114,3,120.00
ITEM-13588,ORD-01436,PRD-109,8,600.00
ITEM-13589,ORD-01436,PRD-116,6,1000.00
ITEM-13590,ORD-01436,PRD-113,4,500.00
ITEM-13591,ORD-01436,PRD-115,8,220.00
ITEM-13592,ORD-01437,PRD-110,6,2000.00
ITEM-13593,ORD-01438,PRD-103,9,450.00
ITEM-13594,ORD-01438,PRD-110,8,2000.00
ITEM-13595,ORD-01438,PRD-112,1,80.00
ITEM-13596,ORD-01438,PRD-117,8,350.00
ITEM-13597,ORD-01439,PRD-101,3,2500.00
ITEM-13598,ORD-01439,PRD-104,9,300.00
ITEM-13599,ORD-01440,PRD-101,6,2500.00
ITEM-13600,ORD-01440,PRD-115,10,220.00
ITEM-13601,ORD-01440,PRD-113,8,500.00
ITEM-13602,ORD-01441,PRD-115,8,220.00
ITEM-13603,ORD-01442,PRD-105,7,650.00
ITEM-13604,ORD-01443,PRD-105,2,650.00
ITEM-13605,ORD-01443,PRD-120,10,3000.00
ITEM-13606,ORD-01443,PRD-107,7,400.00
ITEM-13607,ORD-01444,PRD-105,4,650.00
ITEM-13608,ORD-01445,PRD-118,1,1200.00
ITEM-13609,ORD-01445,PRD-119,2,2500.00
ITEM-13610,ORD-01445,PRD-109,3,600.00
ITEM-13611,ORD-01445,PRD-107,1,400.00
ITEM-13612,ORD-01446,PRD-104,10,300.00
ITEM-13613,ORD-01446,PRD-103,6,450.00
ITEM-13614,ORD-01446,PRD-115,8,220.00
ITEM-13615,ORD-01446,PRD-111,5,150.00
ITEM-13616,ORD-01447,PRD-111,10,150.00
ITEM-13617,ORD-01447,PRD-117,9,350.00
ITEM-13618,ORD-01447,PRD-105,5,650.00
ITEM-13619,ORD-01448,PRD-117,7,350.00
ITEM-13620,ORD-01448,PRD-110,1,2000.00
ITEM-13621,ORD-01448,PRD-116,10,1000.00
ITEM-13622,ORD-01449,PRD-108,8,1500.00
ITEM-13623,ORD-01449,PRD-120,3,3000.00
ITEM-13624,ORD-01450,PRD-114,2,120.00
ITEM-13625,ORD-01450,PRD-119,4,2500.00
ITEM-13626,ORD-01450,PRD-111,3,150.00
ITEM-13627,ORD-01450,PRD-110,10,2000.00
ITEM-13628,ORD-01451,PRD-113,8,500.00
ITEM-13629,ORD-01451,PRD-114,1,120.00
ITEM-13630,ORD-01451,PRD-105,6,650.00
ITEM-13631,ORD-01451,PRD-119,6,2500.00
ITEM-13632,ORD-01452,PRD-119,4,2500.00
ITEM-13633,ORD-01452,PRD-107,5,400.00
ITEM-13634,ORD-01452,PRD-113,4,500.00
ITEM-13635,ORD-01452,PRD-114,10,120.00
ITEM-13636,ORD-01453,PRD-103,1,450.00
ITEM-13637,ORD-01453,PRD-104,3,300.00
ITEM-13638,ORD-01453,PRD-120,9,3000.00
ITEM-13639,ORD-01453,PRD-118,7,1200.00
ITEM-13640,ORD-01454,PRD-116,3,1000.00
ITEM-13641,ORD-01455,PRD-119,3,2500.00
ITEM-13642,ORD-01455,PRD-103,5,450.00
ITEM-13643,ORD-01455,PRD-102,6,1200.00
ITEM-13644,ORD-01456,PRD-107,3,400.00
ITEM-13645,ORD-01457,PRD-120,5,3000.00
ITEM-13646,ORD-01458,PRD-117,8,350.00
ITEM-13647,ORD-01458,PRD-104,10,300.00
ITEM-13648,ORD-01459,PRD-116,6,1000.00
ITEM-13649,ORD-01459,PRD-115,9,220.00
ITEM-13650,ORD-01460,PRD-108,4,1500.00
ITEM-13651,ORD-01460,PRD-110,8,2000.00
ITEM-13652,ORD-01460,PRD-111,3,150.00
ITEM-13653,ORD-01460,PRD-107,3,400.00
ITEM-13654,ORD-01461,PRD-104,3,300.00
ITEM-13655,ORD-01461,PRD-115,3,220.00
ITEM-13656,ORD-01462,PRD-116,7,1000.00
ITEM-13657,ORD-01462,PRD-114,2,120.00
ITEM-13658,ORD-01463,PRD-102,4,1200.00
ITEM-13659,ORD-01463,PRD-112,6,80.00
ITEM-13660,ORD-01463,PRD-106,2,800.00
ITEM-13661,ORD-01463,PRD-113,1,500.00
ITEM-13662,ORD-01464,PRD-113,6,500.00
ITEM-13663,ORD-01464,PRD-111,7,150.00
ITEM-13664,ORD-01464,PRD-115,6,220.00
ITEM-13665,ORD-01464,PRD-105,10,650.00
ITEM-13666,ORD-01465,PRD-116,6,1000.00
ITEM-13667,ORD-01466,PRD-109,1,600.00
ITEM-13668,ORD-01466,PRD-107,1,400.00
ITEM-13669,ORD-01466,PRD-106,6,800.00
ITEM-13670,ORD-01466,PRD-114,6,120.00
ITEM-13671,ORD-01467,PRD-107,6,400.00
ITEM-13672,ORD-01467,PRD-105,9,650.00
ITEM-13673,ORD-01468,PRD-114,8,120.00
ITEM-13674,ORD-01468,PRD-102,10,1200.00
ITEM-13675,ORD-01469,PRD-110,6,2000.00
ITEM-13676,ORD-01470,PRD-114,10,120.00
ITEM-13677,ORD-01470,PRD-115,4,220.00
ITEM-13678,ORD-01470,PRD-108,8,1500.00
ITEM-13679,ORD-01470,PRD-111,5,150.00
ITEM-13680,ORD-01471,PRD-113,9,500.00
ITEM-13681,ORD-01471,PRD-109,4,600.00
ITEM-13682,ORD-01471,PRD-101,1,2500.00
ITEM-13683,ORD-01472,PRD-103,5,450.00
ITEM-13684,ORD-01473,PRD-120,10,3000.00
ITEM-13685,ORD-01473,PRD-102,4,1200.00
ITEM-13686,ORD-01473,PRD-116,9,1000.00
ITEM-13687,ORD-01474,PRD-106,1,800.00
ITEM-13688,ORD-01474,PRD-118,7,1200.00
ITEM-13689,ORD-01474,PRD-107,2,400.00
ITEM-13690,ORD-01475,PRD-105,5,650.00
ITEM-13691,ORD-01476,PRD-114,3,120.00
ITEM-13692,ORD-01476,PRD-107,6,400.00
ITEM-13693,ORD-01477,PRD-103,3,450.00
ITEM-13694,ORD-01478,PRD-104,6,300.00
ITEM-13695,ORD-01478,PRD-115,2,220.00
ITEM-13696,ORD-01479,PRD-103,6,450.00
ITEM-13697,ORD-01479,PRD-112,3,80.00
ITEM-13698,ORD-01479,PRD-120,7,3000.00
ITEM-13699,ORD-01480,PRD-103,3,450.00
ITEM-13700,ORD-01481,PRD-116,1,1000.00
ITEM-13701,ORD-01481,PRD-112,6,80.00
ITEM-13702,ORD-01482,PRD-106,10,800.00
ITEM-13703,ORD-01482,PRD-107,8,400.00
ITEM-13704,ORD-01483,PRD-113,1,500.00
ITEM-13705,ORD-01483,PRD-111,1,150.00
ITEM-13706,ORD-01483,PRD-112,8,80.00
ITEM-13707,ORD-01483,PRD-107,4,400.00
ITEM-13708,ORD-01484,PRD-111,6,150.00
ITEM-13709,ORD-01484,PRD-114,8,120.00
ITEM-13710,ORD-01484,PRD-101,2,2500.00
ITEM-13711,ORD-01485,PRD-116,9,1000.00
ITEM-13712,ORD-01485,PRD-120,9,3000.00
ITEM-13713,ORD-01486,PRD-108,7,1500.00
ITEM-13714,ORD-01486,PRD-110,5,2000.00
ITEM-13715,ORD-01486,PRD-118,1,1200.00
ITEM-13716,ORD-01487,PRD-113,6,500.00
ITEM-13717,ORD-01487,PRD-105,7,650.00
ITEM-13718,ORD-01487,PRD-109,2,600.00
ITEM-13719,ORD-01488,PRD-114,5,120.00
ITEM-13720,ORD-01488,PRD-101,6,2500.00
ITEM-13721,ORD-01488,PRD-119,3,2500.00
ITEM-13722,ORD-01489,PRD-104,6,300.00
ITEM-13723,ORD-01489,PRD-120,6,3000.00
ITEM-13724,ORD-01489,PRD-109,2,600.00
ITEM-13725,ORD-01490,PRD-102,5,1200.00
ITEM-13726,ORD-01490,PRD-109,9,600.00
ITEM-13727,ORD-01491,PRD-118,7,1200.00
ITEM-13728,ORD-01491,PRD-110,1,2000.00
ITEM-13729,ORD-01491,PRD-104,5,300.00
ITEM-13730,ORD-01492,PRD-105,2,650.00
ITEM-13731,ORD-01493,PRD-116,6,1000.00
ITEM-13732,ORD-01494,PRD-103,3,450.00
ITEM-13733,ORD-01494,PRD-111,3,150.00
ITEM-13734,ORD-01495,PRD-107,4,400.00
ITEM-13735,ORD-01495,PRD-105,7,650.00
ITEM-13736,ORD-01495,PRD-106,1,800.00
ITEM-13737,ORD-01495,PRD-117,9,350.00
ITEM-13738,ORD-01496,PRD-118,4,1200.00
ITEM-13739,ORD-01496,PRD-108,10,1500.00
ITEM-13740,ORD-01496,PRD-102,7,1200.00
ITEM-13741,ORD-01496,PRD-114,4,120.00
ITEM-13742,ORD-01497,PRD-119,10,2500.00
ITEM-13743,ORD-01497,PRD-110,2,2000.00
ITEM-13744,ORD-01497,PRD-109,7,600.00
ITEM-13745,ORD-01497,PRD-108,5,1500.00
ITEM-13746,ORD-01498,PRD-105,10,650.00
ITEM-13747,ORD-01498,PRD-119,2,2500.00
ITEM-13748,ORD-01498,PRD-106,4,800.00
ITEM-13749,ORD-01499,PRD-103,7,450.00
ITEM-13750,ORD-01500,PRD-107,2,400.00
